,CoinName,Algorithm,IsTrading,ProofType,TotalCoinsMined,TotalCoinSupply
42,42 Coin,Scrypt,TRUE,PoW/PoS,41.99995383,42
365,365Coin,X11,TRUE,PoW/PoS,,2300000000
404,404Coin,Scrypt,TRUE,PoW/PoS,1055184902,532000000
611,SixEleven,SHA-256,TRUE,PoW,,611000
808,808,SHA-256,TRUE,PoW/PoS,0,0
1337,EliteCoin,X13,TRUE,PoW/PoS,29279424623,3.14E+11
2015,2015 coin,X11,TRUE,PoW/PoS,,0
BTC,Bitcoin,SHA-256,TRUE,PoW,17927175,21000000
ETH,Ethereum,Ethash,TRUE,PoW,107684222.7,0
LTC,Litecoin,Scrypt,TRUE,PoW,63039243.3,84000000
DASH,Dash,X11,TRUE,PoW/PoS,9031294.376,22000000
XMR,Monero,CryptoNight-V7,TRUE,PoW,17201143.14,0
ETC,Ethereum Classic,Ethash,TRUE,PoW,113359703,210000000
ZEC,ZCash,Equihash,TRUE,PoW,7383056.25,21000000
BTS,Bitshares,SHA-512,TRUE,PoS,2741570000,3600570502
DGB,DigiByte,Multiple,TRUE,PoW,11406219141,21000000000
BTCD,BitcoinDark,SHA-256,TRUE,PoW/PoS,1288862,22000000
CRAIG,CraigsCoin,X11,TRUE,PoS,,30000000
XBS,Bitstake,X11,TRUE,PoW/PoS,0,1300000
XPY,PayCoin,SHA-256,TRUE,PoS,11995334.88,12500000
PRC,ProsperCoin,Scrypt,TRUE,PoW,5768310,21000000
YBC,YbCoin,Multiple,TRUE,PoS,,200000000
DANK,DarkKush,X13,TRUE,PoW/PoS,,3000000
GIVE,GiveCoin,X11,TRUE,PoW,,500000000
KOBO,KoboCoin,X15,TRUE,PoW/PoS,25542535.59,350000000
DT,DarkToken,NIST5,TRUE,PoW/PoS,,0
CETI,CETUS Coin,Scrypt,TRUE,PoW/PoS,,0
SPR,Spreadcoin,X11,TRUE,PoW,11149734,20000000
WOLF,Insanity Coin,X11,TRUE,PoW,,50000000
ACOIN,ACoin,SHA-256,TRUE,PoW,0,1600000
AERO,Aero Coin,X13,TRUE,PoS,0,7000000
ALF,AlphaCoin,Scrypt,TRUE,PoW,,210182000
AGS,Aegis,X13,TRUE,PoS,,0
AMC,AmericanCoin,Scrypt,TRUE,PoW,,168000000
ALN,AlienCoin,Scrypt,TRUE,PoW,,200000000
APEX,ApexCoin,X13,TRUE,PoW/PoS,0,6000000
ARCH,ArchCoin,Scrypt,TRUE,PoS,0,16403135
ARG,Argentum,Scrypt,TRUE,PoW,12205795.44,64000000
ARI,AriCoin,Scrypt,TRUE,PoW,,322649400
AUR,Aurora Coin,Scrypt,TRUE,PoW/PoS,18135099.99,16768584
BET,BetaCoin,SHA-256,TRUE,PoW,0,32000000
BEAN,BeanCash,SHA-256,TRUE,PoW/PoS,,50000000000
BLU,BlueCoin,Scrypt,TRUE,PoW/PoS,635423900,0
BQC,BQCoin,Scrypt,TRUE,PoW,,88000000
XMY,MyriadCoin,Multiple,TRUE,PoW,1688254250,2000000000
MOON,MoonCoin,Scrypt,TRUE,PoW,88,3.84E+11
ZET,ZetaCoin,SHA-256,TRUE,PoW,170204389.8,169795588
SXC,SexCoin,Scrypt,TRUE,PoW,128940951.2,250000000
QTL,Quatloo,Scrypt,TRUE,PoW,7357794.793,100000000
ENRG,EnergyCoin,Scrypt,TRUE,PoW/PoS,123062801.1,0
QRK,QuarkCoin,Quark,TRUE,PoW,259557164.9,247000000
RIC,Riecoin,Groestl,TRUE,PoW,49548585.14,84000000
DGC,Digitalcoin ,Scrypt,TRUE,PoW,33442988.34,48166000
LIMX,LimeCoinX,X11,TRUE,PoW,0,21000000
BTB,BitBar,Scrypt,TRUE,PoW/PoS,42579.4769,500000
CAIX,CAIx,Scrypt,TRUE,PoS,,0
BTMK,BitMark,Scrypt,TRUE,PoW,0,27580000
BUK,CryptoBuk,Scrypt,TRUE,PoW/PoS,,100000000
CACH,Cachecoin,Scrypt,TRUE,PoW,,2000000000
CAP,BottleCaps,Scrypt,TRUE,PoW/PoS,,47433600
CASH,CashCoin,Scrypt,TRUE,PoW/PoS,0,47433600
CAT,Catcoin,Scrypt,TRUE,PoW,7219956.646,21000000
CBX,CryptoBullion,Scrypt,TRUE,PoW/PoS,1039116.651,1000000
CCN,CannaCoin,Scrypt,TRUE,PoW,4703879.518,13140000
CIN,CinderCoin,Multiple,TRUE,PoW/PoS,0,114000000
CINNI,CINNICOIN,Scrypt,TRUE,PoW,,15000000
CLR,CopperLark,SHA-256,TRUE,PoW,,27200000
CMC,CosmosCoin,Scrypt,TRUE,PoW/PoS,,100000000
CNC,ChinaCoin,Scrypt,TRUE,PoW,,462500000
CNL,ConcealCoin,X11,TRUE,PoW,,8500000
COMM,Community Coin,Scrypt,TRUE,PoW/PoS,,1000000000
COOL,CoolCoin,Scrypt,TRUE,PoS,0,100000000
CRACK,CrackCoin,X11,TRUE,PoW,,6000000
CRYPT,CryptCoin,X11,TRUE,PoW,4996986.206,18000000
CSC,CasinoCoin,Scrypt,TRUE,PoC,39999997300,40000000000
DEM,eMark,SHA-256,TRUE,PoW/PoS,0,0
DMD,Diamond,Groestl,TRUE,PoW/PoS,3304487.747,4380000
XVG,Verge,Multiple,TRUE,PoW,15929530669,16555000000
DRKC,DarkCash,X11,TRUE,PoW/PoS,0,3720000
DSB,DarkShibe,Scrypt,TRUE,PoW,0,2043962
DVC,DevCoin,SHA-256,TRUE,PoW,18773857500,21000000000
EAC,EarthCoin,Scrypt,TRUE,PoW,12539015187,13500000000
EFL,E-Gulden,Scrypt,TRUE,PoW,20910478.81,21000000
ELC,Elacoin,Scrypt,TRUE,PoW,0,75000000
EMC2,Einsteinium,Scrypt,TRUE,PoW,218871896.5,299792458
EMD,Emerald,Scrypt,TRUE,PoW,19496786.31,32000000
EXCL,Exclusive Coin,PoS,TRUE,PoS,5679705,0
EXE,ExeCoin,Scrypt,TRUE,PoW,,21000000
EZC,EZCoin,Scrypt,TRUE,PoW,,84000000
FLAP,Flappy Coin,Scrypt,TRUE,PoW,0,1.00E+11
FC2,Fuel2Coin,X11,TRUE,PoS,0,100000000
FFC,FireflyCoin,SHA-256,TRUE,PoW,,7.00E+11
FIBRE,FIBRE,NIST5,TRUE,PoW/PoS,0,624000
FRC,FireRoosterCoin,SHA-256,TRUE,PoW,0,2602410
FLT,FlutterCoin,Scrypt,TRUE,PoS/PoW/PoT,461829905.3,0
FRK,Franko,Scrypt,TRUE,PoW,1142732.149,11235813
FRAC,FractalCoin,X11,TRUE,PoW,,1000000
FSTC,FastCoin,Scrypt,FALSE,PoW,,165888000
FTC,FeatherCoin,NeoScrypt,TRUE,PoW,208669093,336000000
GDC,GrandCoin,Scrypt,TRUE,PoW,884125802,1420609614
GLC,GlobalCoin,Scrypt,TRUE,PoW,65672720.47,70000000
GLD,GoldCoin,Scrypt,TRUE,PoW,41658648,72245700
GLX,GalaxyCoin,Scrypt,TRUE,PoW/PoS,,538214400
GLYPH,GlyphCoin,X11,TRUE,PoW/PoS,0,7000000
GML,GameLeagueCoin,Scrypt,TRUE,PoW/PoS,,500000000
GUE,GuerillaCoin,X11,TRUE,PoW/PoS,,19500000
HAL,Halcyon,X15,TRUE,PoW/PoS,0,0
HBN,HoboNickels,Scrypt,TRUE,PoW/PoS,89266933.68,120000000
HUC,HunterCoin,Multiple,TRUE,PoW,0,42000000
HVC,HeavyCoin,Multiple,TRUE,PoW,,128000000
HYP,HyperStake,X11,TRUE,PoS,1678520091,0
ICB,IceBergCoin,NIST5,TRUE,PoW/PoS,,8750000
IFC,Infinite Coin,Scrypt,TRUE,PoW,90595753019,90600000000
IOC,IOCoin,X11,TRUE,PoW/PoS,17650913.97,22000000
IXC,IXcoin,SHA-256,TRUE,PoW,21089349,21000000
JBS,JumBucks Coin,X11,TRUE,PoW/PoS,0,3293010
JKC,JunkCoin,Scrypt,TRUE,PoW,,107000000
JUDGE,JudgeCoin,X13,TRUE,PoW/PoS,0,21600000
KDC,Klondike Coin,Scrypt,TRUE,PoW,,20000000
KEYC,KeyCoin,X13,FALSE,PoW/PoS,,1000000
KGC,KrugerCoin,Scrypt,TRUE,PoW,151447649.8,265420800
LK7,Lucky7Coin,Scrypt,TRUE,PoW/PoS,,99792000
LKY,LuckyCoin,Scrypt,TRUE,PoW,19326319.14,20000000
LSD,LightSpeedCoin,NIST5,TRUE,PoW/PoS,,900000
LTB,Litebar ,Scrypt,TRUE,PoW,1104344.229,1350000
LTCD,LitecoinDark,Scrypt,TRUE,PoW,0,82003200
LTCX,LitecoinX,X11,TRUE,PoW,,84000000
LXC,LibrexCoin,X11,TRUE,PoW/PoS,0,1000000
LYC,LycanCoin,Scrypt,TRUE,PoW,,4950000000
MAX,MaxCoin,SHA3,TRUE,PoW/PoS,61445805,100000000
MEC,MegaCoin,Scrypt,TRUE,PoW,38151999.99,42000000
MED,MediterraneanCoin,HybridScryptHash256,TRUE,PoW,40431856.9,200000000
MINRL,Minerals Coin,X11,FALSE,PoW/PoS,,1000000
MINT,MintCoin,Scrypt,TRUE,PoS,21293925445,0
MN,Cryptsy Mining Contract,SHA-256,TRUE,PoW,,0
MINC,MinCoin,Scrypt,TRUE,PoW,5804204.888,10000000
MRY,MurrayCoin,Scrypt,TRUE,PoW,,58000000
MZC,MazaCoin,SHA-256,TRUE,PoW/PoS,1613836100,2419200000
NAN,NanoToken,Scrypt,TRUE,PoW,,80000000
NAUT,Nautilus Coin,Scrypt,TRUE,PoS,16180000,16180000
NAV,NavCoin,X13,TRUE,PoW/PoS,66087096.21,0
NBL,Nybble,Scrypt,TRUE,PoW,,210000000
NMB,Nimbus Coin,X15,TRUE,PoW/PoS,,25000000
NRB,NoirBits,SHA-256,TRUE,PoW,0,50000000
NOBL,NobleCoin,Scrypt,TRUE,PoW,2366066306,15000000000
NRS,NoirShares,Scrypt,TRUE,PoW/PoS,,5000000
NMC,Namecoin,SHA-256,TRUE,PoW,14736400,21000000
NYAN,NyanCoin,Scrypt,TRUE,PoW,334709223.5,337000000
OPAL,OpalCoin,X13,TRUE,PoW/PoS,15156364.33,0
ORB,Orbitcoin,NeoScrypt,TRUE,PoW/PoS,3220616.279,3770000
PHS,PhilosophersStone,Scrypt,TRUE,PoW,,8891840
POT,PotCoin,Scrypt,TRUE,PoW/PoS,222677226,420000000
PSEUD,PseudoCash,X13,TRUE,PoW/PoS,,2200000
PXC,PhoenixCoin,Scrypt,TRUE,PoW/PoS,73959274.63,98000000
PYC,PayCoin,Scrypt,TRUE,PoW/PoS,,30000000
RDD,Reddcoin,Scrypt,TRUE,PoW/PoS,29315567169,0
RIPO,RipOffCoin,Scrypt,TRUE,PoW,0,12000000
RPC,RonPaulCoin,Scrypt,TRUE,PoW,1104157.422,21000000
RT2,RotoCoin,Scrypt-n,TRUE,PoW/PoS,,288000
RYC,RoyalCoin,Scrypt,TRUE,PoW,,140000000
RZR,RazorCoin,Scrypt,TRUE,PoW,,4000000
SAT2,Saturn2Coin,Scrypt,TRUE,PoW,,15000000000
SBC,StableCoin,Scrypt,TRUE,PoW,24215181.73,250000000
SFR,SaffronCoin,Multiple,TRUE,PoW,,111000000
SHADE,ShadeCoin,Scrypt,TRUE,PoW/PoS,,2000000
SHLD,ShieldCoin,X15,TRUE,PoW/PoS,0,1000000
SILK,SilkCoin,Scrypt,TRUE,PoW/PoS,0,1000000
SLG,SterlingCoin,X13,TRUE,PoS,,0
SMC,SmartCoin,Scrypt,TRUE,PoW,25593737.14,51200000
SOLE,SoleCoin,X15,TRUE,PoW/PoS,,1200000
SPA,SpainCoin,Scrypt-n,TRUE,PoW,0,50000000
SPOTS,Spots,Scrypt,TRUE,PoW,,100000000
SRC,SecureCoin,Scrypt,TRUE,PoW,0,21000000
SSV,SSVCoin,X13,TRUE,PoW,,21000000
SUPER,SuperCoin,X11,TRUE,PoS,50707661.75,0
SYNC,SyncCoin,X11,TRUE,PoW/PoS,1177,1000
SYS,SysCoin,SHA-256,TRUE,PoW,563336541.3,888000000
TAG,TagCoin,Scrypt,TRUE,PoW/PoS,,1000000
TAK,TakCoin,SHA-256,TRUE,PoW/PoS,,7515187520
TES,TeslaCoin,Multiple,TRUE,PoS,80260463.73,100000000
TGC,TigerCoin,SHA-256,TRUE,PoW,43536800,47011968
TIT,TittieCoin,PHI1612,TRUE,PoS,1622326490,2300000000
TOR,TorCoin,X11,TRUE,PoW/PoS,1431851,10000000
TRC,TerraCoin,SHA-256,TRUE,PoW,22935396,42000000
TITC,TitCoin,Scrypt,TRUE,PoW,,1000000
ULTC,Umbrella,SHA-256,TRUE,PoW,0,2625000
UNB,UnbreakableCoin,SHA-256,TRUE,PoW,2278150,80000000
UNO,Unobtanium,SHA-256,TRUE,PoW,200911.7915,250000
URO,UroCoin,X11,TRUE,PoW,1207310,0
USDE,UnitaryStatus Dollar,Scrypt,TRUE,PoW/PoS,1098952593,1600000000
UTC,UltraCoin,Scrypt,TRUE,PoW/PoS,50235211.14,100000000
UTIL,Utility Coin,X13,TRUE,PoW/PoS,0,0
VDO,VidioCoin,X11,TRUE,PoW/PoS,,0
VIA,ViaCoin,Scrypt,TRUE,PoW,23150892.17,23000000
VOOT,VootCoin,X11,TRUE,PoW,0,0
VRC,VeriCoin,Scrypt,TRUE,PoST,32021108.41,0
VTC,Vertcoin,Lyra2REv2,TRUE,PoW,51173723.82,84000000
WDC,WorldCoin,Scrypt,TRUE,PoW,119606941,265420800
XAI,SapienceCoin,X11,TRUE,PoB/PoS,,0
XBOT,SocialXbotCoin,Scrypt,TRUE,PoW/PoS,0,2000000
XC,X11 Coin,X11,TRUE,PoW/PoS,6950831.097,5500000
XCSH,Xcash,Scrypt,FALSE,PoW/PoS,,2400000
XCR,Crypti,Multiple,TRUE,PoS,100000000,0
XJO,JouleCoin,SHA-256,TRUE,PoW,39195739.36,45000000
XLB,LibertyCoin,X11,TRUE,PoW/PoS,,16500000
XST,StealthCoin,X13,TRUE,PoW/PoS,33093725.41,0
XXX,XXXCoin,Scrypt,TRUE,PoW/PoS,0,50000000
YAC,YAcCoin,Scrypt,TRUE,PoW,,2000000000
ZCC,ZCC Coin,Scrypt,TRUE,PoW/PoS,147990238,1000000000
ZED,ZedCoins,Scrypt,TRUE,PoW,,120000000
BCN,ByteCoin,CryptoNight,TRUE,PoW,1.84E+11,1.84E+11
EKN,Elektron,X13,TRUE,PoW/PoS,,3000000
XDN,DigitalNote ,CryptoNight,TRUE,PoW,6906587610,10000000000
XAU,XauCoin,SHA-256,TRUE,PoW,,2100000
BURST,BurstCoin,Shabal256,TRUE,PoC,1813033920,2158812800
SJCX,StorjCoin,Counterparty,TRUE,PoS,51173144,500000000
HUGE,BigCoin,Blake,TRUE,PoW,,164429865
7,007 coin,Scrypt,TRUE,PoW,,989800
MONA,MonaCoin,Scrypt,TRUE,PoW,68194674.87,105120000
TEK,TekCoin,SHA-256,TRUE,PoW/PoS,,100000000
NTRN,Neutron,SHA-256,TRUE,PoW/PoS,39121694,68000000
SLING,Sling Coin,SHA-256,TRUE,PoW,0,1000000
XSI,Stability Shares,Scrypt,TRUE,PoW/PoS,,15000000
KTK,KryptCoin,Scrypt,TRUE,PoS,0,17000000
FAIR,FairCoin,Groestl,TRUE,PoW/PoS,53193831,0
NLG,Gulden,Scrypt,TRUE,PoW,415032420,1680000000
RBY,RubyCoin,Scrypt,TRUE,PoS,27184490.39,0
PTC,PesetaCoin,Scrypt,TRUE,PoW,137517654.4,166386000
KORE,Kore,X13,TRUE,PoW/PoS,2022464.887,12000000
WBB,Wild Beast Coin,Scrypt,TRUE,PoW,181919.2436,2628000
SSD,Sonic Screw Driver Coin,SHA-256,TRUE,PoW/PoS,,0
NOTE,Dnotes,Scrypt,TRUE,PoS,174646113.9,500000000
FLO,Flo,Scrypt,TRUE,PoW,152270664.9,160000000
MMXIV,MaieutiCoin,SHA-256,TRUE,PoS,0,2014
8BIT,8BIT Coin,Scrypt,TRUE,PoW/PoS,1467841,0
STV,Sativa Coin,X13,TRUE,PoW/PoS,7096834,10000000
AM,AeroMe,X13,TRUE,PoW/PoS,0,12000000
NKT,NakomotoDark,X11,TRUE,PoW/PoS,,0
GHC,GhostCoin,Scrypt,TRUE,PoW/PoS,,750000000
ABY,ArtByte,Scrypt,TRUE,PoW,792537250,1000000000
MTR,MasterTraderCoin,X11,TRUE,PoW/PoS,0,10110000
BCR,BitCredit,Momentum,TRUE,PoW,0,210000000
XPB,Pebble Coin,CryptoNight,TRUE,PoW,,0
XDQ,Dirac Coin,Blake,TRUE,PoW,,2272800
FLDC,Folding Coin,Stanford Folding,TRUE,PoW,719416990,1000000000
SMAC,Social Media Coin,X11,TRUE,PoW/PoS,,0
U,Ucoin,X11,TRUE,PoS,2689812,20000000
UIS,Unitus,Multiple,TRUE,PoW,65113302,0
CYP,CypherPunkCoin,QuBit,TRUE,PoW,6365285,0
QBK,QuBuck Coin,X13,TRUE,PoS/PoB,,0
MARYJ,MaryJane Coin,X15,TRUE,PoW/PoS,0,0
OMC,OmniCron,Scrypt,TRUE,PoW,10140044.44,3371337
GIG,GigCoin,X11,TRUE,PoW,,0
CC,CyberCoin,Scrypt,TRUE,PoW/PoS,0,0
VTR,Vtorrent,Scrypt,TRUE,PoW/PoS,11604722,20000000
METAL,MetalCoin,Scrypt,TRUE,PoW,,0
GRE,GreenCoin,Scrypt,TRUE,PoW,4610340641,10000000000
XG,XG Sports,XG Hash,TRUE,PoW/PoS,,0
CHILD,ChildCoin,X11,TRUE,PoW,,2000000
MINE,Instamine Nuggets,Scrypt,TRUE,PoW,,21649485
ROS,ROS Coin,X11,TRUE,PoW/PoS,,0
UNAT,Unattanium,SHA-256,TRUE,PoW,0,0
GAIA,GAIA Platform,X11,TRUE,PoS,,24000000
XCN,Cryptonite,M7 POW,TRUE,PoW,708506520,1840000000
GMC,Gridmaster,Scrypt,TRUE,PoW,0,84000000
MMC,MemoryCoin,Multiple,TRUE,PoW,,10000000
CYC,ConSpiracy Coin ,X11,TRUE,PoW,0,33000000
MSC,MasterCoin,Scrypt,TRUE,PoW,619478,619478
EGG,EggCoin,Scrypt,TRUE,PoW/PoS,,3891
CAMC,Camcoin,X11,FALSE,PoW/PoS,,10000000
RBR,Ribbit Rewards,Multiple,TRUE,PoW,,1000000000
ICASH,ICASH,X11,TRUE,PoW,,1000000
NODE,Node,Curve25519,TRUE,PoA,,1000000000
SOON,SoonCoin,SHA-256,TRUE,PoW,12462620,21000000
BTMI,BitMiles,Scrypt,TRUE,PoW,,4832660000
EVENT,Event Token,Scrypt,TRUE,PoW/PoS,,0
1CR,1Credit,Scrypt,TRUE,PoW,88213,92000000000
VIOR,ViorCoin,Scrypt,TRUE,PoW/PoS,0,0
VMC,VirtualMining Coin,Scrypt-n,TRUE,PoW,,1000000
MARSC,MarsCoin,X11,FALSE,PoW,,33000000
EQM,Equilibrium Coin,SHA-256,TRUE,PoW/PoS,,0
ISL,IslaCoin,X11,TRUE,PoW/PoS,1513704,0
QSLV,Quicksilver coin,X11,TRUE,PoW,0,33000000
XNA,DeOxyRibose,X11,TRUE,PoS,,0
SKB,SkullBuzz,SHA-256,TRUE,PoS,,0
FCS,CryptoFocus,X11,TRUE,PoW/PoS,,0
NXS,Nexus,SHA3,TRUE,PoW/nPoS,63657220,78000000
EAGS,EagsCoin,X11,TRUE,PoW/PoS,,20445500
MWC,MultiWallet Coin,X11,TRUE,PoW/PoS,,0
MARS,MarsCoin ,X11,TRUE,PoW,32221574.82,33000000
XMS,Megastake,X11,TRUE,PoW/PoS,,0
SIGU,Singular,Scrypt,TRUE,PoW/PoS,0,0
M1,SupplyShock,X13,TRUE,PoW/PoS,,0
DB,DarkBit,Scrypt,TRUE,PoW/PoS,,0
CTO,Crypto,Lyra2RE,TRUE,PoW,13742738,65789100
BITL,BitLux,X11,FALSE,PoW/PoS,,0
FUTC,FutCoin,X13,TRUE,PoW/PoS,,0
TAM,TamaGucci,Scrypt,TRUE,PoW/PoS/PoC,,5300000
MRP,MorpheusCoin,X11,TRUE,PoW,,3400000
XFC,Forever Coin,X11,TRUE,PoS,,210000000
NANAS,BananaBits,Scrypt,TRUE,PoW/PoS,,0
ACP,Anarchists Prime,SHA-256,TRUE,PoW,14747200,53760000
DRZ,Droidz,QUAIT,TRUE,PoW/PoS,8568038.359,5060000
BSC,BowsCoin,X11,TRUE,PoW,15863837.5,21000000
DRKT,DarkTron,SHA-256,TRUE,PoW/PoS,,1500000
CIRC,CryptoCircuits,vDPOS,TRUE,PoS,0,0
EPY,Empyrean,Scrypt,TRUE,PoW,,100000
SQL,Squall Coin,X11,TRUE,PoS/PoW,329200.0164,0
CHA,Charity Coin,Scrypt,TRUE,PoW,,500000
MIL,Milllionaire Coin,X11,TRUE,PoW/PoS,0,0
QTZ,Quartz,SHA-256,TRUE,PoW/PoS,,0
SPC,SpinCoin,NIST5,TRUE,PoW/PoS,,0
DUB,DubCoin,X15,TRUE,PoW/PoS,,0
GRAV,Graviton,SHA-256,TRUE,PoW/PoS,,0
HEDGE,Hedgecoin,X13,TRUE,PoW,,33000000
SONG,Song Coin,Scrypt,TRUE,PoW,32565300,210240000
XSEED,BitSeeds,SHA-256,TRUE,PoW/PoS,,0
CHIP,Chip,X11,TRUE,PoW,,0
SPEC,SpecCoin,Scrypt,TRUE,PoW,,3000000000
SPRTS,Sprouts,SHA-256,TRUE,PoW/PoS,,0
ZNY,BitZeny,Scrypt,TRUE,PoW,75614500,250000000
DIGS,Diggits,Scrypt,TRUE,PoS,100000000,100000000
EXP,Expanse,Ethash,TRUE,PoW,10495278,16906397
MAPC,MapCoin,X11,TRUE,PoS,0,2228921.184
CON,Paycon,X13,TRUE,PoW/PoS,23042604,50000000
SC,Siacoin,Blake2b,TRUE,PoW,33098296530,0
LYB,LyraBar,Lyra2RE,TRUE,PoW/PoS,,0
EMC,Emercoin,SHA-256,TRUE,PoW/PoS,43059794.8,1000000000
BLITZ,BlitzCoin,X13,TRUE,PoS,0,3852156
BHIRE,BitHIRE,Scrypt,FALSE,PoS,,42000000
EGC,EverGreenCoin,X15,TRUE,PoW/PoS,13530556.42,26298000
MND,MindCoin,X11,TRUE,PoW,15867695,16000000
I0C,I0coin,SHA-256,TRUE,PoW,20997476.87,21000000
DCR,Decred,BLAKE256,TRUE,PoW/PoS,10365046.93,21000000
DOGED,DogeCoinDark,Scrypt,TRUE,PoW,0,16500000000
RVR,Revolution VR,Scrypt,TRUE,PoW,210000000,210000000
HODL,HOdlcoin,1GB AES Pattern Search,TRUE,PoW,11448949,81962100
EDRC,EDRCoin,SHA-256,TRUE,PoW/PoS,3669691.845,22000000
HTC,Hitcoin,X11,TRUE,PoW/PoS,10996318099,26550000000
GAME,Gamecredits,Scrypt,TRUE,PoW,69836100,84000000
DSH,Dashcoin,CryptoNight,TRUE,PoW,0,18446744
DBIC,DubaiCoin,SHA-256,TRUE,PoW/PoS,5129014,10500000
BIOS,BiosCrypto,Quark,TRUE,PoW/PoS,0,20190463.55
DIEM,CarpeDiemCoin,SHA-256,TRUE,PoW,21739971929,21626280000
RCX,RedCrowCoin,Scrypt,TRUE,PoW/PoS,,3966666667
PWR,PWR Coin,NIST5,TRUE,PoW/PoS,10069449032,0
TRUMP,TrumpCoin,Blake,TRUE,PoS,0,12000000
BLRY,BillaryCoin,Scrypt,TRUE,PoW/PoS,8998743.241,42000000
ETHS,EthereumScrypt,Scrypt,TRUE,PoW/PoS,0,4200000
PXL,Phalanx,SHA-256,TRUE,PoW,0,15000000
SOUL,SoulCoin,Scrypt,TRUE,PoW/PoS,,1400000000
SSTC,SunShotCoin,X11,TRUE,PoW,0,2250000000
GPU,GPU Coin,Scrypt,TRUE,PoS,40477042,221052632
TAGR,Think And Get Rich Coin,X15,TRUE,PoW/PoS,,30700000
HMP,HempCoin,Scrypt-n,TRUE,PoW,0,5000000000
ADZ,Adzcoin,X11,TRUE,PoW,45110324,84000000
MYC,MayaCoin,Scrypt,TRUE,PoW/PoS,,250000000
VTA,VirtaCoin,Scrypt,TRUE,PoW,0,21000000000
SOIL,SoilCoin,Dagger,TRUE,PoW,5702048,30000000
YOC,YoCoin,Scrypt,TRUE,PoW,636462.5598,168351300
UNIT,Universal Currency,SHA-256,TRUE,PoW/PoS,0,210000000
AEON,AEON,CryptoNight-Lite,TRUE,PoW,0,18400000
SIB,SibCoin,X11GOST,TRUE,PoW,17263355,24000000
ERC,EuropeCoin,X11,TRUE,PoW/PoS,10407269.79,384000000
AIB,AdvancedInternetBlock,Scrypt,TRUE,PoW,,3.14E+11
XDB,DragonSphere,X11,TRUE,PoW/PoS,,21007600
ANTI,Anti Bitcoin,SHA-256,TRUE,PoW,0,42000000
COLX,ColossusCoinXT,X11,TRUE,PoS,,21000000000
MNM,Mineum,X13,TRUE,PoW/PoS,,10000000
ZEIT,ZeitCoin,Scrypt,TRUE,PoS,36971236047,99000000000
CGA,Cryptographic Anomaly,Scrypt,TRUE,PoW,,10000000000
SWING,SwingCoin,SHA-256,TRUE,PoW/PoS,4377081.61,40000000
SAFEX,SafeExchangeCoin,Scrypt,TRUE,PoC,2147483647,2147483647
NEBU,Nebuchadnezzar,PoS,TRUE,PoS,20000000,20000000
AEC,AcesCoin,X11,TRUE,PoS,,98000000
FRN,Francs,Scrypt,TRUE,PoW,6570807.657,20000000
ADNT,Aiden,ScryptOG,FALSE,PoW,84000000,84000000
N7,Number7,Scrypt,TRUE,PoW,,270967742
CYG,Cygnus,X11,TRUE,PoW/PoS,,25885320
LGBTQ,LGBTQoin,X11,TRUE,PoW,,50000000
UTH,Uther,Dagger,TRUE,PoW,,25885320
MPRO,MediumProject,PoS,TRUE,PoW,,250000
KATZ,KATZcoin,SHA-256D,TRUE,PoW/PoS,,100000000
SPM,Supreme,Scrypt,TRUE,PoW/PoS,,88900000
FLX,Flash,Scrypt,TRUE,PoW/PoS,,1000000
BOLI,BolivarCoin,X11,TRUE,PoW,13654082.5,25000000
CLUD,CludCoin,Scrypt,TRUE,PoW,,100200000
HVCO,High Voltage Coin,SHA-256,TRUE,PoW/PoS,,1700000
GIZ,GIZMOcoin,X11,TRUE,PoW/PoS,0,100000
FUZZ,Fuzzballs,Scrypt,TRUE,PoW,,21000000
SCRT,SecretCoin,X11,TRUE,PoW/PoS,0,21000000
XRA,Ratecoin,X11,TRUE,PoW/PoS,134554941.2,75000000
XNX,XanaxCoin,Scrypt,TRUE,PoW,,42000000
DBG,Digital Bullion Gold,PoS,TRUE,PoS,0,15000000
WMC,WMCoin,X11,TRUE,PoS,,1000000000
GOTX,GothicCoin,Scrypt,TRUE,PoW,,313333333
SHREK,ShrekCoin,Scrypt,TRUE,PoW/PoS,,1246000000
REV,Revenu,SHA-256,TRUE,PoW/PoS,1195525,222725000
PBC,PabyosiCoin,X11,TRUE,PoW/PoS,,31500000000
OBS,Obscurebay,X11,TRUE,PoW/PoS,,6562000
EXIT,ExitCoin,Scrypt,TRUE,PoW/PoS,,756000000
EDUC,EducoinV,Scrypt,TRUE,PoW/PoS,,99000000
CLINT,Clinton,SHA-256,TRUE,PoW,0,2421227
CKC,Clockcoin,SHA-256,TRUE,PoW/PoS,16662820,525000000
VIP,VIP Tokens,NIST5,TRUE,PoW/PoS,83450403,90000000
NXE,NXEcoin,NIST5,TRUE,PoW/PoS,,2200000
ZOOM,ZoomCoin,Lyra2RE,TRUE,PoW,,250000
YOVI,YobitVirtualCoin,SHA-256,TRUE,PoS,,22830000
ORLY,OrlyCoin,X15,TRUE,PoW/PoS,0,36000000
KUBOS,KubosCoin,Scrypt,FALSE,PoW/PoS,,9.87E+11
SAK,SharkCoin,SHA-256,TRUE,PoW,,400000000
EVIL,EvilCoin,X11,TRUE,PoW/PoS,,21024000
COX,CobraCoin,Scrypt,TRUE,PoW/PoS,,1012941176
BSD,BitSend,X11,TRUE,PoW/PoS,24387724.5,139000000
DES,Destiny,Scrypt,TRUE,PoW/PoS,,212625
BIT16,16BitCoin,NIST5,TRUE,PoW/PoS,0,16000000
CMTC,CometCoin,Scrypt,TRUE,PoW,,2000000
CHESS,ChessCoin,Scrypt,TRUE,PoW/PoS,0,74666667
REE,ReeCoin,Scrypt,TRUE,PoW/PoS,0,350000000
MARV,Marvelous,Scrypt,TRUE,PoW,,400000000
OMNI,Omni,Scrypt,TRUE,PoW,616448,616448
TRTK,TrollTokens,SHA-256,FALSE,PoW/PoS,,860000000
LIR,Let it Ride,POS 3.0,TRUE,PoS,38589808.67,33500000
SCRPT,ScryptCoin,Scrypt,TRUE,PoW,,34181818
SPCIE,Specie,PoS,TRUE,PoS,,9000000
CJ,CryptoJacks,X13,TRUE,PoW/PoS,,500000000
PUT,PutinCoin,Scrypt,TRUE,PoW/PoS,813092338.6,2000000000
KRAK,Kraken,SHA-256,TRUE,PoW/PoS,,20 000 000
IBANK,iBankCoin,Scrypt,TRUE,PoW/PoS,4526324,44333333
WRLGC,World Gold Coin,SHA-256,FALSE,PoW,,51000000
BM,BitMoon,X13,TRUE,PoS,,100000000
FRWC,Frankywillcoin,Scrypt,TRUE,PoW/PoS,100000000,100000000
PSY,Psilocybin,SHA-256D,TRUE,PoW/PoS,,4214600
RUST,RustCoin,Scrypt,TRUE,PoW/PoS,,21212121
NZC,NewZealandCoin,Scrypt,TRUE,PoW,,335800000
XPOKE,PokeChain,X13,TRUE,PoS,,75000000
MUDRA,MudraCoin,X13,TRUE,PoS,5000000,200000000
PIZZA,PizzaCoin,X11,TRUE,PoW,1377917,25000000
LC,Lutetium Coin,X11,TRUE,PoS,657000000,657000000
EXB,ExaByte (EXB),SHA-256,TRUE,PoW,,500000000
KMD,Komodo,Equihash,TRUE,dPoW/PoW,115898131,200000000
GB,GoldBlocks,X11,TRUE,PoW/PoS,15563873,50000000
EDC,EDC Blockchain,SHA-256,TRUE,DPoS/LPoS,,5352058722
WAY,WayCoin,X11,TRUE,PoS,0,100000000
TAB,MollyCoin,Scrypt,TRUE,PoW/PoS,,25000000
STO,Save The Ocean,X11,TRUE,PoW/PoS,,150000000
CTC,CarterCoin,Scrypt,TRUE,PoW/PoS,43165500,90000000
TOT,TotCoin,Scrypt,TRUE,PoW/PoS,,1613150000
MDC,MedicCoin,Scrypt,TRUE,PoW/PoS,,33000000
FTP,FuturePoints,X11,TRUE,PoS,,360000000
ZET2,Zeta2Coin,Quark,TRUE,PoW/PoS,,1200000
CVNC,CovenCoin,SHA-256,TRUE,PoW/PoS,,33000
KRB,Karbo,CryptoNight,TRUE,PoW,7822432.724,10000000
TELL,Tellurion,X11,TRUE,PoW/PoS,,3652422000
BXT,BitTokens,SHA-256,TRUE,PoW/PoS,595429,21000000
ZYD,ZayedCoin,SHA-256,TRUE,PoW,6243840,9736000
MST,MustangCoin,X11,TRUE,PoW/PoS,657636.3455,3000000
GOON,Goonies,Scrypt,TRUE,PoW,,270875968
ZNE,ZoneCoin,Scrypt,TRUE,PoW/PoS,2581970,21000000
COVAL,Circuits of Value,Multiple,TRUE,PoW,1000000000,1200000000
DGDC,DarkGold,X13,TRUE,PoW/PoS,,1000000
TODAY,TodayCoin,Scrypt,TRUE,PoW,,39200000
ROOT,RootCoin,Scrypt,TRUE,PoW/PoS,1939889,0
DOPE,DopeCoin,Scrypt,TRUE,PoW,116845228,200000000
FX,FCoin,Scrypt,TRUE,PoW/PoS,,987600000
PIO,Pioneershares,X11,TRUE,PoW/PoS,,200000
PROUD,PROUD Money,X11,TRUE,PoW/PoS,0,10000000000
SMSR,Samsara Coin,QuBit,TRUE,PoW/PoS,,60000000
UBIQ,Ubiqoin,Progressive-n,TRUE,PoS,,500000000
ARM,Armory Coin,Scrypt,TRUE,PoW/PoS,,1990000000
RING,RingCoin,Scrypt,TRUE,PoW/PoS,,1900000000
LAZ,Lazarus,DPoS,TRUE,DPoS,,10000000
BTCR,BitCurrency,Scrypt,TRUE,PoS,169598616,0
FCTC,FaucetCoin,X13,FALSE,PoS,,10000
MOOND,Dark Moon,Scrypt,TRUE,PoW/PoS,,420000000
DLC,DollarCoin,SHA-256,TRUE,PoW,9106714,10638298
SCN,Swiscoin,Scrypt,TRUE,PoW/PoW,665200057,3100000000
BRONZ,BitBronze,Scrypt,TRUE,PoW,,4502400
SH,Shilling,Scrypt,TRUE,PoW,11119200,30000000
BUZZ,BuzzCoin,SHA-256D,TRUE,PoW/PoS,19577787259,20000000000
MG,Mind Gene,SHA-256,TRUE,PoW/PoS,,7500000000
PSI,PSIcoin,X11,TRUE,PoS,,696969
XPO,Opair,PoS,TRUE,PoS,74033806.79,74000000
PSB,PesoBit,Scrypt,TRUE,PoW/PoS,33522957,0
FIT,Fitcoin,X11,TRUE,PoW/PoS,,90000000
PINKX,PantherCoin,Scrypt,TRUE,PoW/PoS,,735000000
UNF,Unfed Coin,Scrypt,TRUE,PoW,,67000000
SPORT,SportsCoin,X11,TRUE,PoS,,20000000
NTC,NineElevenTruthCoin,Scrypt,TRUE,PoW/PoS,,130528084
EGO,EGOcoin,PoS,TRUE,PoS,,60000000
GBRC,GBR Coin,Scrypt,TRUE,PoW,0,87500000
HALLO,Halloween Coin,X11,TRUE,PoW/PoS,264678458.3,1500000000
BBCC,BaseballCardCoin,Scrypt,TRUE,PoW/PoS,,19000000
EMIGR,EmiratesGoldCoin,SHA-256,FALSE,PoW,,4000000
BHC,BighanCoin,Quark,TRUE,PoW,,411000000
CRAFT,Craftcoin,Scrypt,TRUE,PoW/PoS,,49411760
OLYMP,OlympCoin,X11,TRUE,PoW/PoS,,50000000
DPAY,DelightPay,X13,TRUE,PoW/PoS,,90400000
ANTC,AntiLitecoin,Scrypt,FALSE,PoW,,84000000
JOBS,JobsCoin,X11,TRUE,PoW/PoS,,20000000000
DGORE,DogeGoreCoin,X11,TRUE,PoW/PoS,,500000000
RMS,Resumeo Shares,NIST5,TRUE,PoS,,9188302
FJC,FujiCoin,Scrypt-n,TRUE,PoW,0,10000000
VAPOR,Vaporcoin,SHA-256,TRUE,PoW/PoS,,2000000
XZC,ZCoin,Lyra2Z,TRUE,PoW,7568281.25,21400000
PRE,Premium,Scrypt,TRUE,PoW,,20000000
CALC,CaliphCoin,SHA-256,TRUE,PoW,,135000000
LEA,LeaCoin,SHA-256,TRUE,PoW,0,2000000000
CF,Californium,SHA-256,TRUE,PoW,,2520000
CFC,CoffeeCoin,PoS,TRUE,PoS,148716816,39999898
BS,BlackShadowCoin,X11,TRUE,PoW/PoS,,2100000000
JIF,JiffyCoin,SHA-256D,TRUE,PoW,,5108400
MONETA,Moneta,Scrypt,TRUE,PoW,,184000000
RUBIT,Rublebit,Scrypt,TRUE,PoW,,100000000
HCC,HappyCreatorCoin ,Scrypt,TRUE,PoW,,1.00E+11
BRAIN,BrainCoin,X11,TRUE,PoW/PoS,,22000000
ROYAL,RoyalCoin,X13,TRUE,PoS,2500124,2500124
LFC,BigLifeCoin,X11,TRUE,PoW,,9900000000
ZUR,Zurcoin,Quark,TRUE,PoW,0,126000000
PEC,PeaceCoin,X11,TRUE,PoW,,700000000
GMX,Goldmaxcoin,Scrypt,TRUE,PoW,,84078950
32BIT,32Bitcoin,X11,TRUE,PoW/PoS,,355000
GNJ,GanjaCoin V2,X14,TRUE,PoW/PoS,100000000,100000000
TEAM,TeamUP,PoS,TRUE,PoS,17818682.17,301000000
SCT,ScryptToken,Scrypt,TRUE,PoW/PoS,,8842105
LANA,LanaCoin,SHA-256D,TRUE,PoW/PoS,1082162636,7506000000
ELE,Elementrem,Ethash,TRUE,PoW,26205539,26205539
GCC,GuccioneCoin,Scrypt,TRUE,PoW,,39760000
EQUAL,EqualCoin,X13,TRUE,PoW/PoS,,1000000000
2BACCO,2BACCO Coin,Scrypt,TRUE,PoW/PoS,,81454545
DKC,DarkKnightCoin,Scrypt,TRUE,PoW/PoS,,24000000
COC,Community Coin,SHA-256,TRUE,PoW,,36129032
CHOOF,ChoofCoin,Scrypt,TRUE,PoW/PoS,,40000000
CSH,CashOut,SHA-256,TRUE,PoW,0,100000000
ZCL,ZClassic,Equihash,TRUE,PoW,5613550,21000000
RYCN,RoyalCoin 2.0,X13,TRUE,PoS,,2500124
PCS,Pabyosi Coin,X11,TRUE,PoW/PoS,,31500000000
NBIT,NetBit,Scrypt,TRUE,PoW/PoS,,10.500.000
WINE,WineCoin,Scrypt,TRUE,PoW/PoS,,1744000000
ARK,ARK,DPoS,TRUE,DPoS,108202084,125000000
ZECD,ZCashDarkCoin,Scrypt,TRUE,PoW,,500000000
WASH,WashingtonCoin,X11,TRUE,PoW/PoS,,170000000
LUCKY,LuckyBlocks,PoS,TRUE,PoS,,20000000
INSANE,InsaneCoin,X11,TRUE,PoW/PoS,18342813,30000000
BASH,LuckChain,Scrypt,TRUE,PoW/PoS,0,1000000000
FAME,FameCoin,QuBit,TRUE,PoW/PoS,,50000000
LIV,LiviaCoin,Scrypt,TRUE,PoW/PoS,,1572000000
DOGETH,EtherDoge,X11,TRUE,PoW/PoS,,18100000
KLC,KiloCoin,Scrypt,TRUE,PoW,196297971,10000000000
HUSH,Hush,Equihash,TRUE,PoW,0,21000000
BTLC,BitLuckCoin,PoS,TRUE,PoS,,5000000000
DRM8,Dream8Coin,Scrypt,TRUE,PoW,,88800000000
EBZ,Ebitz,PoS,FALSE,PoS,,21000000
FGZ,Free Game Zone,Scrypt,TRUE,PoW,,44775520
BOSON,BosonCoin,X11,TRUE,PoW/PoS,,5000000000
ATX,ArtexCoin,X11,TRUE,PoW,824000000,500000000
PNC,PlatiniumCoin,SHA-256,TRUE,PoW,,21000000
BRDD,BeardDollars,Scrypt,TRUE,PoW/PoS,,21212121
BIPC,BipCoin,CryptoNight,TRUE,PoW,,18446744
XNC,XenCoin,Scrypt,TRUE,PoW,,2100000000
EMB,EmberCoin,X13,TRUE,PoW/PoS,92192822723,850000000
BTTF,Coin to the Future,PoS,TRUE,PoS,,1210000
DLR,DollarOnline,X11,TRUE,PoW/PoS,,1000000000
XEN,XenixCoin,X11,TRUE,PoW/PoS,3853326.777,3853326.777
IW,iWallet,X11,TRUE,PoW/PoS,,2142857143
FRE,FreeCoin,PoS,TRUE,PoS,50000000,50000000
NPC,NPCcoin,SHA-256D,TRUE,PoW/PoS,0,7000000000
PLNC,PLNCoin,Scrypt,TRUE,PoW/PoS,17089600,38540000
DGMS,Digigems,Scrypt,TRUE,PoW,,50000000
ICOB,Icobid,Scrypt,TRUE,PoW/PoS,0,200000000
ARCO,AquariusCoin,Scrypt,TRUE,PoW/PoS,2449577.415,42000000
KURT,Kurrent,X11,TRUE,PoW,61364813,228000000
XCRE,Creatio,PoS,TRUE,PoS,20000000,20000000
ENT,Eternity,X11,TRUE,PoW/PoS,6069482.077,60000000
MTLM3,Metal Music v3,Scrypt,FALSE,PoW/PoS,,2500000000
ODNT,Old Dogs New Tricks,SHA-256D,TRUE,PoW/PoS,,21000000
EUC,Eurocoin,SHA-256,TRUE,PoW/PoS,12416554,20000000
CCX,CoolDarkCoin,Scrypt,TRUE,PoW/PoS,,11052632
BCF,BitcoinFast,Scrypt,TRUE,PoW/PoS,20244023.64,33000000
SEEDS,SeedShares,SHA-256D,TRUE,PoW/PoS,,7996400
XSN,Stakenet,X11,TRUE,TPoS,75590369,76500000
BCCOIN,BitConnect Coin,Scrypt,TRUE,PoW/PoS,11080722.38,28000000
SHORTY,ShortyCoin,PoS,TRUE,PoS,,100000000
PCM,Procom,Scrypt,TRUE,PoW,,28000000
CORAL,CoralPay,X13,TRUE,PoS,,21000000
MONEY,MoneyCoin,Scrypt,TRUE,PoW/PoS,10914418,650659833
HSP,Horse Power,Scrypt,TRUE,PoW,,2900000
HZT,HazMatCoin,Scrypt,TRUE,PoW/PoS,,100000000
CRSP,CryptoSpots,DPoS,TRUE,DPoS,,0
ICON,Iconic,PoS,TRUE,PoS,,520000
NIC,NewInvestCoin,PoS,TRUE,PoS,,47090909
ACN,AvonCoin,PoS,TRUE,PoS,,1000000000
XNG,Enigma,X11,TRUE,PoW/PoS,814671,5000000
XCI,Cannabis Industry Coin,CryptoNight,TRUE,PoW,978145,21000000
LOOK,LookCoin,X11,TRUE,PoW/PoS,,1613150000
MIS,MIScoin,X11,TRUE,PoW/PoS,,25000000
WOP,WorldPay,X11,TRUE,PoW/PoS,,10000000
CQST,ConquestCoin,X13,TRUE,PoW/PoS,,30000000
CHIEF,TheChiefCoin,Scrypt,TRUE,PoW/PoS,,2500000000
RC,Russiacoin,Scrypt,TRUE,PoW/PoS,8377873,144000000
PND,PandaCoin,Scrypt,TRUE,PoS,33813143822,32514916898
ECAD,Canada eCoin,Scrypt,TRUE,PoW,,100000000
OPTION,OptionCoin,X11,TRUE,PoS,,21000000
AV,Avatar Coin,PoS,TRUE,PoS,,10000000
LTD,Limited Coin,PoS,TRUE,PoS,,128
UNITS,GameUnits,Scrypt,TRUE,PoW/PoS,3472983,13000000
GAKH,GAKHcoin,Scrypt,TRUE,PoW/PoS,3315789,3315789
S8C,S88 Coin,Scrypt,TRUE,PoW/PoS,,520000000
ASAFE2,Allsafe,Quark,TRUE,PoS,10517772.74,15000000
LTCR,LiteCreed,QuBit,TRUE,PoW/PoS,30227750,78835200
XPRO,ProCoin,X15,TRUE,PoW/PoS,,6000000
ASTR,Astral,X13,TRUE,PoW/PoS,,37875500
GIFT,GiftNet,X13,TRUE,PoW,,6750000
VIDZ,PureVidz,PoS,TRUE,PoS,,125000000
INC,Incrementum,PoS,TRUE,PoS,,1300000
PTA,PentaCoin,SHA-256,TRUE,PoW/PoS,,1311955
ACID,AcidCoin,SHA-256,TRUE,PoW,,4500000000
RNC,ReturnCoin,X11,TRUE,PoS,,250000000
TWIST,TwisterCoin,X11,TRUE,PoW/PoS,,3195000
PAYP,PayPeer,X11,TRUE,PoW/PoS,,50000000000
LENIN,LeninCoin,SHA-256D,TRUE,PoW,,100000000
MRSA,MrsaCoin,X13,TRUE,PoW/PoS,,2100000000
OS76,OsmiumCoin,Scrypt,TRUE,PoW,894026,2714286
BIC,Bikercoins,CryptoNight,TRUE,PoW,9357088,25000000
CRPS,CryptoPennies,X11,TRUE,PoS,,1593.15
NTCC,NeptuneClassic,X11,TRUE,PoW/PoS,0,250000000
HXX,HexxCoin,Lyra2RE,TRUE,PoW,1876146.444,9999999
SPKTR,Ghost Coin,SHA-256,TRUE,PoW/PoS,,2270000
MAC,MachineCoin,Time Travel,TRUE,PoW,,35000000
SEL,SelenCoin,PoS,TRUE,PoS,,159680000
NOO,Noocoin,PoS,TRUE,PoS,,25000000
CHAO,23 Skidoo,SHA-256D,TRUE,PoW,,23
XGB,GoldenBird,X13,TRUE,PoW/PoS,0,450000000
YMC,YamahaCoin,Scrypt,TRUE,PoW,,315000000
JOK,JokerCoin,Scrypt,TRUE,PoW/PoS,,5000000000
GBIT,GravityBit,Scrypt,TRUE,PoW/PoS,,5333000
TEC,TeCoin,Multiple,TRUE,PoW,,469521976
BOMBC,BombCoin,Scrypt,TRUE,PoW/PoS,,4516129032
RIDE,Ride My Car,PoS,TRUE,PoS,0,100000000
KED,Klingon Empire Darsek,Scrypt,TRUE,PoW/PoS,23965372,500000000
IOP,Internet of People,SHA-256,TRUE,PoW/PoS,2526078.475,21000000
ELS,Elysium,Scrypt,TRUE,PoW,,18000000
KUSH,KushCoin,X11,TRUE,PoW/PoS,5659096.957,9354000
ERY,Eryllium,X11,TRUE,PoW/PoS,0,100000000
OPES,Opes,Argon2,TRUE,PoW,,52000000
RATIO,Ratio,PoS,TRUE,PoS,,100000000
SMF,SmurfCoin,Scrypt,TRUE,PoW/PoS,,2500000000
TECH,TechCoin,X13,TRUE,PoW/PoS,,300000
CIR,CircuitCoin,SHA-256D,TRUE,PoW/PoS,,3125000000
LEPEN,LePenCoin,SHA-256,TRUE,PoS,,1000000000
MARX,MarxCoin,X11,TRUE,PoW,0,100640000
HAZE,HazeCoin,Scrypt,TRUE,PoW,,25000000
PRX,Printerium,Scrypt,TRUE,PoW/PoS,11821728,20000000
PAC,PacCoin,X11,TRUE,PoW,536982074,1.00E+11
IMPCH,Impeach,Scrypt,TRUE,PoW/PoS,308179,21933333
ERR,ErrorCoin,Scrypt,TRUE,PoW,,81000000
TIC,TrueInvestmentCoin,Scrypt,TRUE,PoW/PoS,,53200000
NUKE,NukeCoin,PoS,TRUE,PoS,,2778196
SFC,Solarflarecoin,Scrypt,TRUE,PoW,0,20000000
JANE,JaneCoin,X11,TRUE,PoW/PoS,,2100000000
PARA,ParanoiaCoin,Scrypt,TRUE,PoW,,72000000
MM,MasterMint,X11,TRUE,PoS,,1500000000
CTL,Citadel,CryptoNight-V7,TRUE,PoW,10969318.52,185000000
ZBC,Zilbercoin,Scrypt,TRUE,PoS,2922613.964,55000000
FRST,FirstCoin,Scrypt,TRUE,PoW/PoS ,110000000,110000000
ORO,OroCoin,Scrypt,TRUE,PoW,,23529412
ALEX,Alexandrite,SHA-256,TRUE,PoW/PoS,,1268000
TBCX,TrashBurn,SHA-256D,TRUE,PoS,,9000000
MCAR,MasterCar,Scrypt,TRUE,PoW/PoS,,2991837
THS,TechShares,DPoS,TRUE,DPoS,,600000000
ACES,AcesCoin,X13,TRUE,PoS,,100000000
UAEC,United Arab Emirates Coin,X11,FALSE,PoW/PoS,,10000000
EA,EagleCoin,SHA-256,TRUE,PoW,,40000000
CREA,CreativeChain,Keccak,TRUE,PoW,0,115000000
BVC,BeaverCoin,Scrypt,TRUE,PoW,3115258,3360000
FIND,FindCoin,X13,TRUE,PoS,14524851.48,14524851.48
MLITE,MeLite,SHA-256D,TRUE,PoW/PoS,,1.000.000
STALIN,StalinCoin,X11,TRUE,PoW/PoS,,3000000000
TSE,TattooCoin,Scrypt,TRUE,PoW/PoS,,500000000
VLTC,VaultCoin,X11,TRUE,PoW,30385540,1000000000
BIOB,BioBar,SHA-256D,TRUE,PoW/PoS,,60000000
ZER,Zero,Equihash,TRUE,PoW,6921653.9,17000000
CHAT,OpenChat,Scrypt,TRUE,PoW/PoS,1000000000,1000000000
CDN,Canada eCoin,Scrypt,TRUE,PoW,99843408.32,100000000
ZOI,Zoin,Lyra2RE,TRUE,PoW,18545757.5,21000000
HONEY,Honey,Blake2S,TRUE,PoW/PoS,,7000000
MXT,MartexCoin,X13,TRUE, PoW/PoS,,5000000
MUSIC,Musicoin,Ethash,TRUE,PoW,0,454898394
VEG,BitVegan,PoS,TRUE,PoS,,600000000
MBIT,Mbitbooks,Scrypt,TRUE,PoW,,81000000
ZENI,Zennies,Scrypt,TRUE,PoS,,1000000000
PLANET,PlanetCoin,Scrypt,TRUE,PoW/PoS,,1000000
DUCK,DuckDuckCoin,Scrypt,TRUE,PoW,,121
BNX,BnrtxCoin,X11,TRUE,PoW,0,210000000
RNS,RenosCoin,Scrypt,TRUE,PoS,36050365,34426423
DBIX,DubaiCoin,Dagger-Hashimoto,TRUE,PoW,2232901,2232901
XVP,VirtacoinPlus,X11,TRUE,PoW/PoS,13162749.09,100000000
BOAT,Doubloon,536,TRUE,PoW/PoS,,500000000
TAJ,TajCoin,Blake2S,TRUE,PoW/PoS,12184195.93,36900000
IMX,Impact,X11,TRUE,PoW/PoS,110630387.9,110000000
CJC,CryptoJournal,PoS,TRUE,PoS,,100000000
AMY,Amygws,Scrypt,TRUE,PoW,,23333333
QBT,Cubits,SHA-256,TRUE,PoW/PoS,,300000000
EB3,EB3coin,Scrypt,TRUE,PoW,64096052,4000000000
XVE,The Vegan Initiative,PoS,TRUE,PoS,,50000000
APT,Aptcoin,Scrypt-n,TRUE,PoW,,42000000
BLAZR,BlazerCoin,Scrypt,TRUE,PoW,,294336000
UNI,Universe,Scrypt,TRUE,PoS,0,112000000
ECOC,ECOcoin,Scrypt,TRUE,PoW/PoS,,10733333
DARK,Dark,SHA-256,TRUE,PoW/PoS,,12800000
DON,DonationCoin,Scrypt,TRUE,PoW,,90000000
ATMOS,Atmos,PoS,TRUE,PoS,111135836.9,110290030
HPC,HappyCoin,X11,TRUE,PoW/PoS,21521322.01,100000000
CXT,Coinonat,NIST5,TRUE,PoW,10123200,48252000
MCRN,MacronCoin,PoS,TRUE,PoS,401421401,400000000
RAIN,Condensate,X11,TRUE,PoW/PoS,121665451.6,500000000
IEC,IvugeoEvolutionCoin,Scrypt,TRUE,PoW,,100000000
IMS,Independent Money System,Scrypt,TRUE,PoW/PoS,5368934,21212121
ARGUS,ArgusCoin,Scrypt,TRUE,PoW/PoS,1148324,28600000
LMC,LomoCoin,Scrypt,TRUE,PoW/PoS,500000,1000000000
BTCS,Bitcoin Scrypt,Scrypt,TRUE,PoW,0,21000000
PROC,ProCurrency,SHA-256,TRUE,PoS,100545745,75000000000
XGR,GoldReserve,X11,TRUE,PoW/PoS,17171382,40000000
BENJI,BenjiRolls,Scrypt,TRUE,PoW,20276099.15,35520400
DUO,ParallelCoin,Scrypt,TRUE,PoW,0,1000000
GRW,GrowthCoin,Scrypt,TRUE,PoS,295135466.4,2000000000
ILC,ILCoin,SHA-256,TRUE,PoW,1317747500,2500000000
PZM,Prizm,SHA-256,TRUE,PoS,,6.00E+14
PHR,Phreak,PoS,TRUE,PoS,11390225.97,30000000
PUPA,PupaCoin,Blake2S,TRUE,PoW/PoS,,3500000000
RICE,RiceCoin,X13,TRUE,PoW/PoS,,10000000
XCT,C-Bits,SHA-256,TRUE,PoW,,210000000
DEA,Degas Coin,Scrypt,TRUE,PoW/PoS,21358764,105000000
ZSE,ZSEcoin,X11,TRUE,PoW/PoS,0,2093500000
TAP,TappingCoin,X11,TRUE,PoW/PoS,,5000000000
MUU,MilkCoin,SHA-256,TRUE,PoW/PoS ,,4500000000
INF8,Infinium-8,CryptoNight,FALSE,PoW,,0
HTML5,HTML5 Coin,X15,TRUE,PoW/PoS,40659020000,90000000000
SBSC,Subscriptio,PoS,TRUE,PoS,,10000000
USC,Ultimate Secure Cash,SHA-256,TRUE,PoS,10343113,200084200
DUX,DuxCoin,Scrypt,TRUE,PoW/PoS,,1680000000
XPS,PoisonIvyCoin,Scrypt,TRUE,PoW/PoS,,4666666667
EQT,EquiTrader,Scrypt,TRUE,PoW,13673406.43,72000000
MNTC,Manet Coin,Scrypt,TRUE,PoW/PoS,,215000000
HAMS,HamsterCoin,Scrypt,TRUE,PoW,,20000000
QTUM,QTUM,POS 3.0,TRUE,PoS,100000000,100000000
NEF,NefariousCoin,Scrypt,TRUE,PoW/PoS,,4835000000
QRL,Quantum Resistant Ledger,CryptoNight-V7,TRUE,PoW,69036016.83,105000000
ESP,Espers,536,TRUE,PoW/PoS,22801882871,50000000000
DYN,Dynamic,Argon2d,TRUE,PoW,19784224.65,0
NANO,Nano,Blake2b,TRUE,PoW,133248297,340282367
CHAN,ChanCoin,Cloverhash,TRUE,PoW,18407259.09,30000000
DCY,Dinastycoin,CryptoNight,TRUE,PoW,1809467143,2000000000
DNR,Denarius,NIST5,TRUE,PoW/PoS,4171382,10000000
DP,DigitalPrice,X11,TRUE,PoW,35138975,100000000
VUC,Virta Unique Coin,NIST5,TRUE,PoW/PoS,62942075,120000000
BTPL,Bitcoin Planet,Skein,TRUE,PoW/PoS,6804362,100000000
UNIFY,Unify,Scrypt,TRUE,PoW,18133195,19276800
BRIT,BritCoin,X13,TRUE,PoW/PoS,21268092,30000000
SOCC,SocialCoin,Scrypt,TRUE,PoW,5167775,75000000
OTX,Octanox,X11,TRUE,PoW/PoS,0,7905634
ARC,ArcticCoin,X11,TRUE,PoW,26042364.37,60000000
BOG,Bogcoin,SHA-256,TRUE,PoW,,21212121
SAND,BeachCoin,X11,TRUE,PoW,,21000000
DAS,DAS,X11,TRUE,PoW,2622886,18900000
LINDA,Linda,Scrypt,TRUE,PoW/PoS,9044930943,50000000000
XLC,LeviarCoin,CryptoNight,TRUE,PoW,14161803,54000000
ONION,DeepOnion,X13,TRUE,PoW/PoS,21917018.05,18898187.62
BTX,Bitcore,Time Travel,TRUE,PoW,17801865.16,21000000
GCN,gCn Coin,Scrypt,TRUE,PoW,1.63E+11,2.00E+11
SMART,SmartCash,Keccak,TRUE,PoW,2241009149,5000000000
SIGT,Signatum,SkunkHash v2 Raptor,TRUE,PoS,107972766,137500000
ONX,Onix,X11,TRUE,PoW,122475638.4,1100000000
WINK,Wink,PoS,TRUE,PoS,,80000000
CRM,Cream,Skein,TRUE,PoW/PoS,47331802.48,100000000
BCH,Bitcoin Cash,SHA-256,TRUE,PoW,17995589.65,21000000
BMXT,Bitmxittz,Scrypt,FALSE,PoW/PoS,,10000
XMCC,Monoeci,X11,TRUE,PoW/PoS,12569262.54,9507271
CMPCO,CampusCoin,Scrypt,TRUE,PoW,0,1010000000
DFT,Draftcoin,Scrypt,TRUE,PoS,18663297.35,17405891.2
VET,Vechain,VeChainThor Authority,TRUE,Proof of Authority,55454734800,86712634466
SOJ,Sojourn Coin,Scrypt,TRUE,PoW,485214,10500000000
STCN,Stakecoin,PoS,TRUE,PoS,4000000,61599965
NYC,NewYorkCoin,Scrypt,TRUE,PoW,1.43E+11,0
LBTC,LiteBitcoin,Scrypt,TRUE,PoW,0,1000000000
FRAZ,FrazCoin,Scrypt,TRUE,PoW,9704042,20000000
KRONE,Kronecoin,Scrypt,TRUE,PoW,17453749.4,84000000
ACC,AdCoin,Scrypt,TRUE,PoW,32646731.06,100000000
LINX,Linx,Scrypt,TRUE,PoW,33716526,100000000
XCXT,CoinonatX,Scrypt,TRUE,PoW/PoS,19539588,48252000
BLAS,BlakeStar,Blake2S,TRUE,PoW/PoS,,2400000000
ETHD,Ethereum Dark,Scrypt,TRUE,PoW/PoS,4200000,4200000
SUMO,Sumokoin,CryptoNight,TRUE,PoW,8946653,88888888
ODN,Obsidian,SHA-512,TRUE,PoS,25000000,91388946
ADA,Cardano,Ouroboros,TRUE,PoS,25927070538,45000000000
REC,Regalcoin,X11,TRUE,PoW/PoS,7262402.043,27000000
BTCZ,BitcoinZ,Equihash,TRUE,PoW,5211553258,21000000000
NTM,NetM,Scrypt,TRUE,PoW,,1.01E+11
TZC,TrezarCoin,NeoScrypt,TRUE,PoW/PoS,182638400,400000000
ELM,Elements,X11,TRUE,PoW,2702855669,1800000000
TER,TerraNovaCoin,Scrypt,TRUE,PoW/PoS,1140734.917,15733333
VIVO,VIVO Coin,NeoScrypt,TRUE,PoW,4165967.575,27000000
RGC,RG Coin,NIST5,TRUE,PoW/PoS,,300000000
RUP,Rupee,Lyra2REv2,TRUE,PoS,24000000,24000000
BTG,Bitcoin Gold,Equihash,TRUE,PoW,17202361.09,21000000
WOMEN,WomenCoin,Scrypt,TRUE,PoW/PoS,48459472454,25000000000
MAY,Theresa May Coin,SHA-256,TRUE,PoW/PoS,92050800,100000000
EDDIE,Eddie coin,Scrypt,TRUE,PoW/PoS,,1000000000
NAMO,NamoCoin,NIST5,TRUE,PoW/PoS,560563220,1200000000
LUX,LUXCoin,PHI1612,TRUE,PoW/PoS,8305775.318,60000000
PIRL,Pirl,Dagger,TRUE,PoW,33986980,156306732.7
XIOS,Xios,Scrypt,TRUE,PoW/PoS,2149688,21000000
BTDX,Bitcloud 2.0,Quark,TRUE,PoW/PoS,30711550.53,200000000
EBST,eBoost,Scrypt,TRUE,PoW,99990001.49,100000000
KEK,KekCoin,POS 2.0,TRUE,PoS,12330806.31,21000000
BLHC,BlackholeCoin,Scrypt,TRUE,PoW/PoS,16362544.99,14788275.99
ALTCOM,AltCommunity Coin,SkunkHash,TRUE,PoW/PoS,0,5000000
PURE,Pure,X11,TRUE,PoW/PoS,0,3686860
RUPX,Rupaya,Quark,TRUE,PoS,0,75000000
XIN,Infinity Economics,SHA-256,TRUE,PoS,8999999990,9000000000
HNCN,Huncoin,X13,FALSE,PoW,,86400000
MADC,MadCoin,Scrypt,TRUE,PoW,,10000000
PURA,Pura,X11,TRUE,PoW,175215859,350000000
INN,Innova,NeoScrypt,TRUE,PoW,6375259.04,45000000
BDL,Bitdeal,Scrypt,TRUE,PoW,0,300000000
WSC,WiserCoin,Scrypt,FALSE,PoW,,22105263
MSR,Masari,CryptoNight,TRUE,PoW,,18500000
ELLA,Ellaism,Ethash,TRUE,PoW,12756367,280000000
SKR,Sakuracoin,Scrypt,TRUE,PoW,0,105100000
ISH,Interstellar Holdings,Scrypt,FALSE,PoS,0,1970000000
GBX,GoByte,NeoScrypt,TRUE,PoW,5832306.875,31800000
CSTL,Castle,Quark,TRUE,DPoS,0,50000000
ICC,Insta Cash Coin,SHA-256,FALSE,PoW,0,300000000
ALQO,Alqo,Quark,FALSE,PoW/PoS,65269530.1,57879300
KNGN,KingN Coin,Scrypt,FALSE,PoW/PoS,,420000
MAG,Magnet,X11,TRUE,PoW/PoS,38198594.83,144000000
TAU,Lamden Tau,DPoS,TRUE,DPoS,288090567.5,500000000
ECA,Electra,NIST5,TRUE,PoW/PoS,28399150208,30000000000
BCD,Bitcoin Diamond,X13,TRUE,PoW/PoS,183534024.9,210000000
VOT,Votecoin,Equihash,TRUE,PoW,,220000000
XSH,SHIELD,Multiple,TRUE,PoW,481730566.6,660000000
BCO*,BridgeCoin,Scrypt,FALSE,PoW,0,27000000
DSR,Desire,NeoScrypt,TRUE,PoW,,22000000
MUT,Mutual Coin,Scrypt,FALSE,PoW/PoS,0,1000000000
CNBC,Cash & Back Coin,Scrypt,TRUE,PoW/PoS,110976977.3,210000000
XUN,UltraNote,CryptoNight,TRUE,PoW,19281821413,85000000000
MAN,People,Scrypt,TRUE,PoW,,7500000000
ACHN,Achain,DPoS,TRUE,DPoS,,1000000000
NRO,Neuro,SHA-256,FALSE,PoW/PoS,,20000000
SEND,Social Send,Quark,TRUE,PoW/PoS,,150000000
COAL,BitCoal,CryptoNight,TRUE,PoW,4500000,12500000
DAXX,DaxxCoin,Ethash,TRUE,PoW,520891780,10000000000
BWK,Bulwark,NIST5,TRUE,PoS,13247178.88,27716121
BOXY,BoxyCoin,Scrypt,FALSE,PoW,5761512.81,100000000
SBTC,Super Bitcoin,SHA-256,TRUE,PoW,,21210000
KLKS,Kalkulus,Quark,TRUE,PoS,16955764.9,20000000
AC3,AC3,X11,TRUE,PoW,80316207,550000000
CHIPS,CHIPS,SHA-256,TRUE,PoW,0,21000000
LTHN,Lethean,CryptoNight-V7,TRUE,PoW,441250233.4,999481516
GER,GermanCoin,Scrypt,TRUE,PoW/PoS,4911500269,50000000000
LTCU,LiteCoin Ultra,Scrypt,TRUE,PoW/PoS,8419402.321,150000000
STAK,Straks,Lyra2REv2,TRUE,PoW,,150000000
POP,PopularCoin,Scrypt,TRUE,PoW,3964201249,4999999999
PNX,PhantomX,X11,TRUE,PoW/PoS,45174214.11,50000000
HBC,HomeBlockCoin,X11,FALSE,PoW/PoS,0,28000000
HTML,HTML Coin,SHA-256,TRUE,PoW/PoS,0,90000000000
PHO,Photon,BLAKE256,TRUE,PoW,30089671531,90000000000
SUCR,Sucre,X11,TRUE,PoW,4229040.504,19800000
ACCO,Accolade,Scrypt,FALSE,PoW/PoS,5573908,50000000
CPN,CompuCoin,Scrypt,TRUE,PoW,,35000000
XFT,Fantasy Cash,Scrypt,TRUE,PoW/PoS,0,4600000
OMGC,OmiseGO Classic,Scrypt,FALSE,PoW/PoS,49933217.75,70000000
ORE,Galactrum,Lyra2REv2,TRUE,PoW/PoS,,26280000
SPK,SparksPay,NeoScrypt,TRUE,PoW,7847417.334,21000000
GOA,GoaCoin,NeoScrypt,FALSE,PoW,3982139.246,32000000
WAGE,Digiwage,Quark,TRUE,PoS,27299680,120000000
GUN,GunCoin,NeoScrypt,TRUE,PoW,299797953,500000000
POLIS,PolisPay,X11,TRUE,PoW,,25000000
IRL,IrishCoin,Scrypt,TRUE,PoW,45483049.34,64000000
TROLL,Trollcoin,Scrypt,TRUE,PoW/PoS,591022748,900000000
LCP,Litecoin Plus,Scrypt,TRUE,PoW/PoS,2504486.228,4000000
TGCC,TheGCCcoin,X13,TRUE,PoW/PoS,,2400000000
MONK,Monkey Project,X11,TRUE,PoS,4407252,21000000
KZC,KZCash,X11,TRUE,PoW,,18000000
WCG,World Crypto Gold,SHA-256,TRUE,Proof of Stake,,900000000
ECC,ECC,Scrypt,FALSE,PoS,25000000000,25000000000
STN,Steneum Coin,Scrypt,TRUE,PoW,,20000000
PCOIN,Pioneer Coin,X11,TRUE,PoW,8478104.34,23000000
UBTC,UnitedBitcoin,SHA-256,TRUE,PoW,20166000,20166000
ITZ,Interzone,C11,TRUE,PoW,11916588.09,23000000
XBP,Black Pearl Coin,X13,TRUE,PoW/PoS,,50000000
SGL,Sigil,NeoScrypt,FALSE,PoW,0,50000000
OPC,OP Coin,Scrypt,TRUE,PoW/PoS,0,2000000000
SHA,Shacoin,SHA-256,TRUE,PoS,,350000000
BTW,BitWhite,DPoS,TRUE,DPoS,,60000000
CROAT,Croat,CryptoNight,TRUE,PoW,,100467441
VAL,Valorbit,Scrypt,TRUE,PoW/PoS,0,9.22E+16
TPAY,TokenPay,POS 3.0,TRUE,PoS,20445861.53,25000000
CVNG,Crave-NG,SHA-256,TRUE,PoS,,1000000000
MCT,1717 Masonic Commemorative Token,Ethash,TRUE,PoS,1618033,1618033
CWIS,Crypto Wisdom Coin,Scrypt,FALSE,PoW,17630550.21,24000000
MBC,My Big Coin,Scrypt,TRUE,PoW and PoS,9399342.528,30000000
WOBTC,WorldBTC,Scrypt,FALSE,PoW/PoS,,210000000
TRTL,TurtleCoin,CryptoNight,TRUE,PoW,53139835214,1.00E+12
NDLC,NeedleCoin,X11,FALSE,PoS/PoW,,120000000
MUN,MUNcoin,SkunkHash,TRUE,PoW,4818338.989,16600000
USX,Unified Society USDEX,Scrypt,TRUE,PoW/PoS,234846265.8,232000000
BCA,Bitcoin Atom,SHA-256,TRUE,PoW/PoS,,21000000
B2X,SegWit2x,X11,TRUE,PoW/PoS,,21000000
NBR,Niobio Cash,CryptoNight,TRUE,PoW,133932467.8,336000000
SCOOBY,Scooby coin,Scrypt,TRUE,PoW/PoS,,21000000
BUN,BunnyCoin,Scrypt,TRUE,PoW,,1.00E+11
BSR,BitSoar Coin,X11,FALSE,PoS,3680297312,3980000000
SKULL,Pirate Blocks,X11,TRUE,PoW/PoS,,240000000
BTCP,Bitcoin Private,Equihash,TRUE,PoW,0,21000000
SKC,Skeincoin,Skein,TRUE,PoW,0,17000000
KRM,Karma,Groestl,TRUE,PoS,,3000000000
CDY,Bitcoin Candy,Equihash,TRUE,PoW,,21000000000
SSS,ShareChain,Scrypt,TRUE,PoW,10000000000,10000000000
CRDNC,Credence Coin,SHA-256,FALSE,PoW/PoS,3427006,25000000
TRF,Travelflex,Dagger,TRUE,PoW,107325266,100000000
KREDS,KREDS,Lyra2REv2,TRUE,PoW,643795911.5,1100000000
VULC,Vulcano,NIST5,TRUE,PoS/PoW,,421126225
TOKC,Tokyo Coin,X13,TRUE,PoS,230298925,800000000
BBP,BiblePay,Proof-of-BibleHash,TRUE,POBh,1772091550,5200000000
LCC,LitecoinCash,SHA-256 + Hive,TRUE,PoW + Hive,638382332.2,840000000
FLIP,BitFlip,Scrypt,TRUE,PoW,12446100,40000000
LOT,LottoCoin,Scrypt,TRUE,PoW,14491014421,18406979840
FUNK,Cypherfunks Coin,Scrypt,TRUE,PoW,,49275000000
LEAF,LeafCoin,Scrypt,TRUE,PoW,0,21000000000
BASHC,BashCoin,Skein,FALSE,PoW/PoS,11661844.47,72000000
DGM,DigiMoney,X11,FALSE,PoW/PoS,3521630,25000000
CBS,Cerberus,NeoScrypt,TRUE,PoW,0,31500000
BTCH,Bitcoin Hush,Equihash,TRUE,PoW,0,21000000
LIZ,Lizus Payment,Skein,FALSE,PoW/PoS,2985971,69000000
CIF,Crypto Improvement Fund,X11,TRUE,PoW,211297638.5,500000000
SPD,Stipend,C11,TRUE,PoW/PoS,11251342.19,19340594
POA,Poa Network,Proof-of-Authority,TRUE,PoA,204479039,252460800
PUSHI,Pushi,X11,TRUE,PoW/PoS,2167827.1,25000000
POKER,PokerCoin,Scrypt,FALSE,PoS/PoW,0,466666667
ELP,Ellerium,XEVAN,TRUE,PoW/PoS,419275.38,60000000
VLX,Velox,Scrypt,TRUE,PoS,25570013.13,124000000
ONT,Ontology,VBFT,TRUE,PoS,650848625,1000000000
CLO,Callisto Network,Ethash,TRUE,PoW,247612453,6500000000
CRU,Curium,X11,TRUE,PoW,0,22000000
ELIC,Elicoin,YescryptR16,TRUE,PoW,,10000000
TUBE,BitTube,CryptoNight,TRUE,PoW,80049082.91,1000000000
DIN,Dinero,NeoScrypt,TRUE,PoW,0,100000000
PSD,Poseidon,Scrypt,TRUE,PoW,4070212.149,21000000
LELE,Lelecoin,Curve25519,TRUE,PoS,,1000000000
AKA,Akroma,Ethash,TRUE,PoW,,100000000
MANNA,Manna,SHA-256,FALSE,PoW,2360478329,10044655076
ADK,Aidos Kuneen,IMesh,TRUE,PoW,25000000,25000000
SERA,Seraph,PHI1612,FALSE,PoW/PoS,1360250,32000000
AET,AfterEther,Ethash,FALSE,PoW,,200000000
CMOS,Cosmo,Quark,FALSE,PoW,8928876.686,11892000
REDN,Reden,X16S,FALSE,PoW,0,14000000
TLP,TulipCoin,Scrypt,TRUE,PoW/PoS,,5250000000
BSX,Bitspace,NIST5,TRUE,PoW/PoS,13787854.63,50000000
FNO,Fonero,PHI1612,TRUE,PoW,,18400000
XSG,Snowgem,Equihash,TRUE,PoW,0,84096000
CVTC,CavatCoin,DPoS,FALSE,DPoS,,21000000
XTL,Stellite,CryptoNight,FALSE,PoW,,21000000000
BRIA,Briacoin,Scrypt,TRUE,PoW/PoS,845637.8135,3000000
IC,Ignition,Scrypt,TRUE,PoW/PoS,1182153.5,5000000
MNB,MoneyBag,X11,FALSE,PoS,,50000000
BTL,Bitrolium,Equihash,TRUE,PoW,71355477,70000000
BCI,Bitcoin Interest,Equihash,TRUE,PoW,0,22300000
MEDIC,MedicCoin,Scrypt,TRUE,PoS,267297676.3,500000000
FLM,FOLM coin,PHI1612,FALSE,PoW,0,23001916
ALPS,Alpenschillling,Lyra2Z,TRUE,PoW,27340501.65,300000000
ZEL,Zelcash,Equihash,TRUE,PoW/PoS,0,210000000
BITG,Bitcoin Green,Green Protocol,TRUE,PoS,9803691.362,21000000
DEV,Deviant Coin,PoS,TRUE,PoS,21876586.85,88000000
ABJ,Abjcoin,Scrypt,TRUE,PoW/PoS,9880502.372,30000000
RAP,Rapture,NeoScrypt,FALSE,PoW,4478901.292,21000000
ANI,Animecoin,Quark,TRUE,PoW,,1976000000
PHC,Profit Hunters Coin,Scrypt,TRUE,PoW/PoS,0,100000000
SEM,Semux,Semux BFT consensus,TRUE,DPoS,1231147,100000000
BBK,BitBlocks,Scrypt,TRUE,PoW/PoS,0,500000000
UWC,Uwezocoin,Scrypt,FALSE,PoW,0,840000000
FTO,FuturoCoin,X11,TRUE,PoW,31801461.19,100000000
CARE,Carebit,Quark,TRUE,PoW/PoS,139739596.5,200000000
NZL,Zealium,PoS,TRUE,PoS,11075254.09,80000000
XMC,Monero Classic,CryptoNight,TRUE,PoW,16016864,18400000
TIPS,FedoraCoin,Scrypt,TRUE,PoW,,5.00E+11
CHARM,Charm Coin,NeoScrypt,TRUE,PoW,,250000000
PROTON,Proton,X16R,TRUE,PoS,4403800,45000000
DERO,Dero,CryptoNight,TRUE,PoW,,18400000
DEAL,iDealCash,Scrypt,TRUE,PoW/PoS,1404157529,5121951220
JUMP,Jumpcoin,NIST5,TRUE,PoW,21069346.25,21000000
INFX,Infinex,Lyra2RE,TRUE,PoW,5097689.711,26280000
XBI,Bitcoin Incognito,XEVAN,TRUE,PoS/PoW,10904963.09,21000000
KEC,KEYCO,Tribus,TRUE,PoW,795447,18000000
SABR,SABR Coin,Scrypt,TRUE,PoW/PoS,,133100000
HWC,HollyWoodCoin,Scrypt,TRUE,PoS,38706809.47,26000000
GIN,GINcoin,Lyra2Z,TRUE,PoW,6986399.704,10500000
XMV,MoneroV,CryptoNight,TRUE,PoW,,256000000
PAR,Parlay,Scrypt,FALSE,PoS,3783270,30000000
LTCC,Listerclassic Coin,Scrypt,FALSE,PoW/PoS,8094818.389,110000000
AMX,Amero,NeoScrypt,TRUE,PoW/PoS,,15000000
PLTC,PlatinCoin,CryptoNight,TRUE,PoW,84300,600000518
KNG,BetKings,X11,FALSE,PoS,11359634.65,8148139
COG,Cognitio,SHA-256D,FALSE,PoW/PoS,658584.4616,7500000
BEN,BitCOEN,SHA-256,TRUE,Limited Confidence Proof-of-Activity ,,100000000
LOKI,Loki,CryptoNight Heavy,TRUE,PoW,19153632,150000000
NCP,Newton Coin,CryptoNight,TRUE,PoW,41294520017,1.84E+11
STAX,Staxcoin,Scrypt,TRUE,PoW/PoS,,43500000
MRN,Mercoin,Scrypt,FALSE,PoW/PoS,25330252.32,100000000
SIC,Swisscoin,Scrypt,TRUE,PoW/PoS,10200000000,10200000000
EXCC,ExchangeCoin,Equihash,FALSE,PoW,0,32000000
REL,Reliance,X11,FALSE,PoS,7256580,62000000
BTCN,BitcoiNote,CryptoNight,TRUE,PoW,,21000000
XT3,Xt3ch,Scrypt,TRUE,PoS,7630000.015,44000000
MGD,MassGrid,Jump Consistent Hash,TRUE,PoW,135862416,168000000
VIG,TheVig,SHA-256D,TRUE,PoW/PoS,33238183.72,100000000
PLURA,PluraCoin,CryptoNight,TRUE,PoW,560085952.4,1000000000
EMAR,EmaratCoin,Scrypt,TRUE,PoW/PoS,21599339.67,84000000
XTNC,XtendCash,Wild Keccak,FALSE,PoW,,100000000
ROE,Rover Coin,X11,TRUE,PoW/PoS,,60000000
LTCP,LitecoinPro,Scrypt,TRUE,PoW,,17500000
DKD,Dekado,X15,TRUE,PoS,30284196.37,90000000
LYNX,Lynx,Scrypt,TRUE,HPoW,77872059788,92000000000
POSQ,Poseidon Quark,Quark,TRUE,PoS,2716264.953,650000000
YCE,MYCE,Scrypt,FALSE,PoW/PoS,63613903.88,250000000
ARO,Arionum,SHA-512,FALSE,PoW,60045900,545399000
BWS,BitcoinWSpectrum,SHA-256,TRUE,PoS,57811001,100262205
BTCC,Bitcoin Core,SHA-256,TRUE,PoW,,21000000
GOLF,GolfCoin,SHA-256D,FALSE,PoW/PoS,0,1713134800
MUSE,Muse,DPoS,TRUE,PoS,18194936,18081806
XMN,Motion,X16R,TRUE,PoW,8125865.021,22075700
PLUS1,PlusOneCoin,HMQ1725,TRUE,PoW,8645406.168,21000000
AXE,Axe,X11,TRUE,PoW,4993030.697,21000000
GMCN,GambleCoin,Scrypt,FALSE,PoS,8240763.495,15600000
TRVC,Trivechain,X16R,TRUE,PoW/PoS,36923120.62,82546564
DTEM,Dystem,Quark,TRUE,PoS,7082392.247,21000000
GIC,Giant,Quark,TRUE,PoW/PoS,5919489.768,5151000
PNY,Peony Coin,Scrypt,TRUE,PoS,1042012.452,16880000000
SAFE,SafeCoin,Zhash,TRUE,PoW/PoS,0,36000000
ABS,Absolute Coin,Lyra2REv2,TRUE,PoW/PoS,13332617.94,52500000
VITAE,Vitae,Quark,TRUE,PoS,66053877.63,100000000
BSPM,Bitcoin Supreme,Scrypt,TRUE,PoS,,21000000
XGS,GenesisX,XEVAN,FALSE,PoS,0,19000000
BIM,BitminerCoin,CryptoNight,FALSE,PoW,0,50000000
HEX,HexCoin,Scrypt,TRUE,PoW,1416663.066,22105263
DEI,Deimos,Scrypt,FALSE,PoW,269143950.6,1000000000
TPC,TPCash,Scrypt,TRUE,PoW/PoS,5403802.496,1000000000
OYS,Oyster Platform,X11,FALSE,PoS,,25000000
WEBC,Webchain,CryptoNight-V7,TRUE,PoW,15580199.31,1750000000
RYO,Ryo,Cryptonight-GPU,TRUE,PoW,4890897,88188888
MUSD,MUSDcoin,Scrypt,TRUE,PoW/PoS,0,100000000
URALS,Urals Coin,XEVAN,TRUE,PoW,14746153.1,210000000
QWC,Qwertycoin,CryptoNight Heavy,TRUE,PoW,99553110529,1.84E+11
BITN,Bitcoin Nova,CryptoNight,FALSE,PoW,484454200,1000000000
ARE,ARENON,X11,TRUE,PoS,19269509.94,55000000
DACASH,DACash,X11,FALSE,PoW,26709236.76,50000000
EUNO,EUNO,X11,TRUE,PoW/PoS,30771125.98,50000000
MMO,MMOCoin,Scrypt,TRUE,PoS,107763867.9,260000000
DASC,DasCoin,DPoS,TRUE,DPoS,,8589934592
KETAN,Ketan,PoS,TRUE,PoS,9327131.597,210000000
NIX,NIX,Lyra2REv2,TRUE,PoW,0,175000000
ITA,Italocoin,CryptoNight Heavy,FALSE,PoW,,18446744
XSTC,Safe Trade Coin,Scrypt,TRUE,PoS,0,840000000
PPAI,Project Pai,SHA-256,TRUE,PoW,2100000000,2100000000
MBLC,Mont Blanc,Scrypt,TRUE,PoS,0,70000000
XDNA,XDNA,Keccak,TRUE,PoW/PoS,4672513.844,366000000
PAXEX,PAXEX,X11,TRUE,PoS,4504639,100000000
DIT,Ditcoin,CryptoNight,TRUE,PoW,,37000000
AZART,Azart,X11,TRUE,PoW,5015881.373,25000000
AOP,Averopay,Tribus,FALSE,PoW/PoS,1859475.61,36500000
XAP,Apollon,Quark,TRUE,PoW/PoS,0,250000000
TSC,ThunderStake,Scrypt,TRUE,PoW/PoS,1059954080,18000000000
SPLB,SimpleBank,NeoScrypt,FALSE,PoW/PoS,2381470.978,21000000
HMN,Harvest Masternode Coin,Scrypt,TRUE,PoW/PoS,,10000000
KCASH,Kcash,SHA-512,TRUE,Zero-Knowledge Proof,1000000000,1000000000
XCG,Xchange,X16R,TRUE,PoW,9753753.615,100000000
AAC,Acute Angle Cloud,ECC 256K1,TRUE,DPOS,1000000000,1000000000
KST,StarKST,Scrypt,TRUE,PoW,,6000000000
AUK,Aukcecoin,Scrypt,TRUE,PoW/PoS,,80000000
PLAN,Plancoin,Scrypt,TRUE,PoW/PoS,,35000000
TRAID,Traid,NeoScrypt,TRUE,PoW/PoS,0,252000000
TCHB,Teachers Blockchain,Scrypt,TRUE,PoW,,160000000
MIODIO,MIODIOCOIN,Scrypt,TRUE,PoW,,80000000
LTPC,Lightpaycoin,Quark,TRUE,PoS,,21000000
HANA,Hanacoin,Lyra2REv2,FALSE,PoW,,122500000
BTV,Bitvote,CryptoNight,TRUE,PoW/PoS,,21000000
CRYP,CrypticCoin,Equihash,TRUE,PoW,4235111504,7600000000
BTXC,Bettex coin,XEVAN,TRUE,PoS,6787405.18,50000000
ZEST,ZestCoin,Quark,TRUE,PoW,0,29300000
XCASH,X-CASH,CryptoNight Heavy X,TRUE,PoW,0,1.00E+11
BRAZ,Brazio,HMQ1725,FALSE,PoW,75579791.71,207000000
ACM,Actinium,Lyra2Z,TRUE,PoW,13634850,84000000
LTZ,Litecoinz,Equihash,TRUE,PoW,,84000000
ETHO,ETHER-1,Ethash,TRUE,PoW,0,13666237
TWISTR,TWIST,SHA-512,FALSE,PoS,200000000,200000000
MBTC,MicroBitcoin,Rainforest,TRUE,PoW,,2.10E+11
FOREX,FOREXCOIN,Scrypt,TRUE,PoW,,1000000000
BSV,Bitcoin SV,SHA-256,TRUE,PoW,17992514.65,21000000
DACH,DACH Coin,Quark,FALSE,PoS,14303114.67,38000000
AGM,Argoneum,PHI1612,FALSE,PoW,13969583.38,64000000
ARMS,2Acoin,CryptoNight-V7,FALSE,PoW,,17910000
BITM,BitMoney,XEVAN,TRUE,Pos,208515864.4,70000000000
B2G,Bitcoiin2Gen,Ethash,TRUE,PoW,0,100000000
AUX,Auxilium,Keccak,FALSE,PoA,,300000000
JMC,Junson Ming Chan Coin,X11,TRUE,PoS,17209923728,0
FRED,FREDEnergy,CryptoNight,TRUE,PoW,1867054873,8080000000
ZND,Zenad,Quark,TRUE,POS / MN,0,46000000
NGIN,Ngin,M00N,FALSE,PoW,,360000000
GENX,Genesis Network,Equihash,TRUE,PoW,,4100000000
VTL,Vertical,Lyra2Z,TRUE,PoW,,35000000
C25,C25 Coin,SkunkHash,TRUE,PoW,0,6100000
HERB,HerbCoin,Quark,TRUE,PoW/PoS,35312185.74,54000000
AQUA,Aquachain,Argon2,TRUE,PoW,0,42000000
BBTC,BlakeBitcoin,Blake,FALSE,PoW,20595483.85,21000000
UMO,Universal Molecule,Blake,TRUE,PoW,1578281.313,105120001.4
LIT,Lithium,Blake,TRUE,PoW,15846721.25,25228800
ELT,Electron,Blake,FALSE,PoW,24156921.99,7000000000
XNB,Xeonbit,CryptoNight,TRUE,PoW,,18400000
RBTC,Smart Bitcoin,SHA-256,TRUE,PoW,0,20999764
PIRATE,PirateCash,Equihash,TRUE,PoS,13475920,105000000
EXO,Exosis,Exosis,TRUE,PoW,406091.925,21000000
BLTG,Block-Logic,Scrypt,TRUE,PoW,35284717.17,120000000
MIMI,MIMI Money,CryptoNight,FALSE,PoW,,1.00E+18
OWC,Oduwa,Scrypt,TRUE,PoW/PoS,14777549.39,21000000
BEAM,Beam,Equihash,TRUE,PoW,35687520,262800000
GALI,Galilel,Quark,TRUE,PoW/PoS,18265011.25,19035999
ZEX,Zaddex,Equihash,FALSE,PoW,,210000000
BTH,Bithereum,Equihash,TRUE,PoW,25150787.5,30886000
ARQ,ArQmA,CryptoNight-lite,TRUE,PoW,,50000000
VEO,Amoveo,SHA-256,TRUE,PoW,,0
CSPN,Crypto Sports,Quark,TRUE,PoS,1934701.675,13370000
CREDIT,Credit,Scrypt,TRUE,PoW/PoS,30825710000,74800000000
SCRIBE,Scribe Network,Lyra2REv2,FALSE,PoW,6040583.73,32700000
LYTX,LYTIX,QuarkTX,TRUE,PoW/PoS,,100000000
SCA,SiaClassic,Blake2b,FALSE,PoW,,5000000000
LUNES,Lunes,Leased POS,TRUE,LPoS,,150728537.6
SLC,SLICE,QuBit,TRUE,PoW,12925790.42,100000000
DASHP,Dash Platinum,X11,TRUE,PoS,715659.4424,19700000
NSD,Nasdacoin,Scrypt,TRUE,PoW/PoS,20546528.21,84000000
VDL,Vidulum,Equihash1927,TRUE,PoW,0,100000000
BEET,Beetle Coin,XEVAN,TRUE,PoW/PoS,198938144.4,500000000
TTN,Titan Coin,SHA-256D,TRUE,PoW/PoS,896361168,5000000000
AWR,Award,X11,TRUE,PoW/PoS,15420234.54,420000000
BST,BlockStamp,SHA-256,TRUE,PoW,0,105000000
BLAST,BLAST,SHA-256,TRUE,PoW,52293836.63,64000000
ESBC,ESBC,Quark,TRUE,PoS,,30000000
VBK,VeriBlock,SHA-256,TRUE,PoW,,2100000000
XRC,Bitcoin Rhodium,X13,TRUE,PoW,1170292.5,2100000
GLT,GlobalToken,SHA-256,TRUE,PoW,84613100,168000000
INSN,Insane Coin,X11,TRUE,PoW/PoS,23775960.32,30000000
WRT,WRTcoin,X11,TRUE,PoW,,25000000000
ALX,ALAX,DPoS,TRUE,DPoS,1000000000,1000000000
TFC,The Freedom Coin,X11,TRUE,PoS,0,25000000
MPT,Media Protocol Token,Ethash,FALSE,PoW,10000000000,10000000000
AMBER,AmberCoin,X11,TRUE,PoW/PoS,,1000000000
LDOGE,LiteDoge,Scrypt,TRUE,PoW/PoS,15318887081,35000000000
BBR,Boolberry,X11,TRUE,PoW,0,18450000
SLR,SolarCoin,Scrypt,TRUE,PoW,55565076.39,98100000000
TRK,TruckCoin,X11,TRUE,PoW/PoS,242574105.2,0
UFO,UFO Coin,NeoScrypt,TRUE,PoW,3824685012,4000000000
ASN,Ascension Coin,QuBit,TRUE,PoW/PoS,0,0
OC,OrangeCoin,Scrypt,TRUE,PoW/PoS,3537150,200000000
GSM,GSM Coin,X11,TRUE,PoW/PoS,,1800000
BLC,BlakeCoin,Blake,TRUE,PoW,23356790.15,7000000000
BITS,BitstarCoin,Scrypt,TRUE,PoW/PoS,20576532,54256119
NEOS,NeosCoin,SHA-256,TRUE,PoS,4392258.246,21000000
HYPER,HyperCoin,Scrypt,TRUE,PoW/PoS,9631199.993,0
PINK,PinkCoin,X11,TRUE,PoW/PoS,436353624.5,500000000
FCN,FantomCoin ,CryptoNight,TRUE,PoW,0,18400000
XWT,World Trade Funds,X15,TRUE,PoW/PoS,,1000000
CESC,Crypto Escudo,Scrypt,TRUE,PoW,780210700,1000000000
TWLV,Twelve Coin,T-Inside,TRUE,PoW/PoS,,0
ADC,AudioCoin,Scrypt,TRUE,PoW/PoS,980732529,10500000000
LOG,Wood Coin,Skein,TRUE,PoW,,27625814
XCE,Cerium,SHA-256,TRUE,PoW/PoS,,2307925
NKA,IncaKoin,SHA-256,TRUE,PoW/PoS,17939725045,190000000
PIGGY,Piggy Coin,X11,TRUE,PoW/PoS,494240666,1000000000
CRW,Crown Coin,SHA-256,TRUE,PoW,22986929.09,42000000
GEN,Genstake,Scrypt,TRUE,PoW/PoS,60000000,15000000
LTS,Litestar Coin,X11,TRUE,PoW/PoS,,120000000
QCN,Quazar Coin,CryptoNight,TRUE,PoW,0,18446744
SMLY,SmileyCoin,Scrypt,TRUE,PoW,29583989323,50000000000
BTQ,BitQuark,Multiple,TRUE,PoW,,0
PKB,ParkByte,SHA-256,TRUE,PoW/PoS,0,25000000
HNC,Hellenic Coin,Scrypt,TRUE,PoW,,100000000
MI,XiaoMiCoin,Scrypt,TRUE,PoW/PoS,404316475.5,400000000
GRS,Groestlcoin,Groestl,TRUE,PoW,73298203.89,105000000
CPC,CapriCoin,X11,TRUE,PoW/PoS,201364327.4,208000000
CLUB, ClubCoin,Scrypt,TRUE,PoW/PoS,103621876.2,160000000
RADS,Radium,PoS,TRUE,PoS,3821245.742,9000000
BTA,Bata,Scrypt,TRUE,PoW,5052555.92,5000000
PAK,Pakcoin,Scrypt,TRUE,PoW,69684455.44,182000000
CRB,Creditbit ,X11,TRUE,Proof of Trust,16901016.66,16504333
OK,OKCash,SHA-256,TRUE,PoW/PoS,74676064.95,105000000
LSK,Lisk,DPoS,TRUE,DPoS,120012140,159918400
XHI,HiCoin,Scrypt,TRUE,PoS,10000244678,10008835635
XWC,WhiteCoin,Scrypt,TRUE,PoW/PoS,252005564.2,300000000
DOT,Dotcoin,Scrypt,TRUE,PoW,0,890000000
FSC,FriendshipCoin,NeoScrypt,TRUE,PoW/PoS,1120385.005,60168145
THC,The Hempcoin,Scrypt,TRUE,PoW/PoS,0,300000000
FIII,Fiii,SHA3-256,TRUE,DPoC,-5917977548,5000000000
J,JoinCoin,Multiple,TRUE,PoW,3332922.5,2800000
TRI,Triangles Coin,X13,TRUE,PoW/PoS,140777.7534,120000
RAIZER,RAIZER,SHA-256,FALSE,PoW,,1000000000
VOLLAR,Vollar,Equihash+Scrypt,TRUE,PoW,100000000,2100000000
VNTY,VENOTY,Scrypt,FALSE,PoW,,94000000
AX,AlphaX,Scrypt,TRUE,PoS,,2.00E+11
SWI,Swinca,Quark,FALSE,PoW/PoS,,400000000
TCR,TecraCoin,Lyra2Z,FALSE,PoW,40874452.48,210000000
HCXP,HCX PAY,CryptoNight,FALSE,PoW,,2000000000
GEX,Gexan,PHI2,FALSE,PoW/PoS,2233828.13,21000000
EOS,EOS,DPoS,TRUE,DPoS,1020544523,0
AHT,Ahoolee,Ethash,TRUE,PoW,,100000000
RCC,Reality Clash,Ethash,TRUE,PoW,24487944.1,24487944
OXY,Oxycoin,DPoS,TRUE,DPoS,1122382283,0
Z2,Z2 Coin,SHA-256,FALSE,PoW,,11000000
KAPU,Kapu,DPoS,TRUE,DPoS,,115000000
GRFT,Graft Blockchain,CryptoNight,TRUE,PoW/PoS,,1844674400
MNZ,Monaize,Equihash,TRUE,PoW/DPoW,,257142857
AVE,Avesta,Avesta hash,FALSE,PoW,,200000000
XSB,Extreme Sportsbook,X11,FALSE,PoS,,3000000
SCRM,Scorum,DPoS,TRUE,DPoS,,20000000
LWF,Local World Forwarders,DPoS,TRUE,DPoS,,100000000
ILT,iOlite,Ethash,TRUE,PoW,0,1000000000
ADM,Adamant,DPoS,TRUE,DPoS,,200000000
UPX,uPlexa,CryptoNight,TRUE,PoW,,10500000000
TCH,TigerCash,SHA-256,TRUE,PoS,1000000000,1000000000
LAX,LAPO,Lyra2Z,FALSE,PoW/PoS,11086825523,1.00E+11
TIP,Tip Blockchain,DPoS,TRUE,PoS,,1000000000
DTEP,DECOIN,X11,TRUE,PoS,,140000000
WAVES,Waves,Leased POS,TRUE,LPoS,100000000,100000000
PART,Particl,PoS,TRUE,PoS,9283137.556,8634140
SLX,Slate,Slatechain,TRUE,PoW,,950000000
SHARD,ShardCoin,Scrypt,FALSE,PoS,24924986.09,900000000
BTT,BitTorrent,TRC10,TRUE,DPoS,9.90E+11,9.90E+11
CHI,XAYA,NeoScrypt,TRUE,PoW,,77303932
ZILLA,ChainZilla,Equihash,FALSE,DPoW,11000068.27,11000000
NXT,Nxt,PoS,TRUE,PoS/LPoS,1000000000,1000000000
ZEPH,ZEPHYR,SHA-256,TRUE,DPoS,1999999995,2000000000
XQN,Quotient,Scrypt,TRUE,PoW/PoS,,0
NETC,NetworkCoin,X13,TRUE,PoW/PoS,,400000
VPRC,VapersCoin,Scrypt,TRUE,PoW,,42750000000
GAP,Gapcoin,Scrypt,TRUE,PoW/PoS,14931046.15,250000000
SERO,Super Zero,Ethash,TRUE,PoW,,1000000000
UOS,UOS,SHA-256,TRUE,DPoI,,1000000000
BDX,Beldex,CryptoNight,TRUE,PoW,980222595,1400222610
ZEN,Horizen,Equihash,TRUE,PoW,7296537.5,21000000
XBC,BitcoinPlus,Scrypt,TRUE,PoS,128326.9963,1000000
DVTC,DivotyCoin,Scrypt,FALSE,PoW/PoS,21491213.46,100000000
GIOT,Giotto Coin,Scrypt,FALSE,PoW/PoS,,233100000
OPSC,OpenSourceCoin,SHA-256,FALSE,PoW/PoS,,21000000
PUNK,SteamPunk,PoS,FALSE,PoS,,40000000
